Unique Key,Created Date,Closed Date,Agency,Agency Name,Complaint Type,Descriptor,Location Type,Incident Zip,Incident Address,Street Name,Cross Street 1,Cross Street 2,Intersection Street 1,Intersection Street 2,Address Type,City,Landmark,Facility Type,Status,Due Date,Resolution Description,Resolution Action Updated Date,Community Board,BBL,Borough,X Coordinate (State Plane),Y Coordinate (State Plane),Open Data Channel Type,Park Facility Name,Park Borough,Vehicle Type,Taxi Company Borough,Taxi Pick Up Location,Bridge Highway Name,Bridge Highway Direction,Road Ramp,Bridge Highway Segment,Latitude,Longitude,Location
42197161,04/11/2019 11:04:00 AM,04/13/2019 12:00:00 PM,DSNY,BCC - Brooklyn South,Overflowing Recycling Baskets,6R Overflowing Recycling Baskets,Sidewalk,11215,,,,,7 AVENUE,1 STREET,INTERSECTION,BROOKLYN,,DSNY Garage,Closed,,The Department of Sanitation investigated this complaint and found no condition at the location.,04/13/2019 12:00:00 PM,06 BROOKLYN,,BROOKLYN,990475,184001,PHONE,Unspecified,BROOKLYN,,,,,,,,40.67171479821702,-73.97755935688785,"(40.67171479821702, -73.97755935688785)"
41975650,03/15/2019 03:14:00 PM,03/16/2019 12:00:00 PM,DSNY,BCC - Staten Island,Overflowing Recycling Baskets,6R Overflowing Recycling Baskets,Sidewalk,10314,,,,,JULES DRIVE,GOETHALS ROAD NORTH,INTERSECTION,STATEN ISLAND,,DSNY Garage,Closed,,The Department of Sanitation investigated this complaint and found no condition at the location.,03/16/2019 12:00:00 PM,01 STATEN ISLAND,,STATEN ISLAND,938559,165174,PHONE,Unspecified,STATEN ISLAND,,,,,,,,40.61992311960711,-74.16458480830795,"(40.61992311960711, -74.16458480830795)"
41557587,01/29/2019 10:55:00 AM,01/31/2019 12:00:00 PM,DSNY,BCC - Brooklyn South,Overflowing Recycling Baskets,6R Overflowing Recycling Baskets,Sidewalk,,OCEANPARKWAY,OCEANPARKWAY,,,,,ADDRESS,,,DSNY Garage,Closed,,"The Department of Sanitation has investigated the complaint and addressed the issue. If the problem persists, call 311 to enter a new complaint. If you are outside of New York City, please call (212) NEW-YORK (212-639-9675).",01/31/2019 12:00:00 PM,07 BROOKLYN,,BROOKLYN,,,PHONE,Unspecified,BROOKLYN,,,,,,,,,,
41065643,11/29/2018 10:13:00 AM,11/30/2018 12:00:00 PM,DSNY,BCC - Brooklyn South,Overflowing Recycling Baskets,6R Overflowing Recycling Baskets,Sidewalk,11234,,,,,FLATBUSH AVENUE,AVENUE S,INTERSECTION,BROOKLYN,,DSNY Garage,Closed,,The Department of Sanitation investigated this complaint and found no condition at the location.,11/30/2018 12:00:00 PM,18 BROOKLYN,,BROOKLYN,1004739,162633,PHONE,Unspecified,BROOKLYN,,,,,,,,40.61304272960996,-73.92620365091422,"(40.61304272960996, -73.92620365091422)"
40551348,10/15/2018 10:15:00 AM,10/17/2018 12:00:00 PM,DSNY,BCC - Brooklyn South,Overflowing Recycling Baskets,6R Overflowing Recycling Baskets,Sidewalk,,SMITH STREET,SMITH STREET,UNION STREET,4 STREET,,,BLOCKFACE,,,DSNY Garage,Closed,,The Department of Sanitation cleaned the location.,10/17/2018 12:00:00 PM,06 BROOKLYN,,BROOKLYN,,,PHONE,Unspecified,BROOKLYN,,,,,,,,,,
40483308,10/06/2018 11:44:00 PM,10/09/2018 12:00:00 PM,DSNY,Manhattan 01,Overflowing Recycling Baskets,6R Overflowing Recycling Baskets,Sidewalk,10006,1 LIBERTY PLAZA,LIBERTY PLAZA,,,,,ADDRESS,NEW YORK,,DSNY Garage,Closed,,The Department of Sanitation investigated this complaint and found no condition at the location.,10/09/2018 12:00:00 PM,01 MANHATTAN,1000627501,MANHATTAN,981172,197741,PHONE,Unspecified,MANHATTAN,,,,,,,,40.70942958518305,-74.01110222963845,"(40.70942958518305, -74.01110222963845)"
40476438,10/06/2018 01:42:00 PM,10/11/2018 12:00:00 PM,DSNY,BCC - Brooklyn North,Overflowing Recycling Baskets,6R Overflowing Recycling Baskets,Sidewalk,11238,10 GRAND ARMY PLAZA,GRAND ARMY PLAZA,PLAZA ST EAST,,,,ADDRESS,BROOKLYN,,DSNY Garage,Closed,,The Department of Sanitation collected the requested items.,10/11/2018 12:00:00 PM,55 BROOKLYN,3011830002,BROOKLYN,992830,184409,PHONE,Unspecified,BROOKLYN,,,,,,,,40.6728326974985,-73.96906924545588,"(40.6728326974985, -73.96906924545588)"
40040106,08/17/2018 08:06:00 AM,08/18/2018 12:00:00 PM,DSNY,BCC - Queens West,Overflowing Recycling Baskets,6R Overflowing Recycling Baskets,Sidewalk,,,,,,ASTORIA BOULEVARD,32 STREET,INTERSECTION,,,DSNY Garage,Closed,,The Department of Sanitation removed the items.,08/18/2018 12:00:00 PM,01 QUEENS,,QUEENS,,,PHONE,Unspecified,QUEENS,,,,,,,,,,
39944376,08/07/2018 01:16:00 PM,08/13/2018 12:00:00 PM,DSNY,BCC - Brooklyn North,Overflowing Recycling Baskets,6R Overflowing Recycling Baskets,Sidewalk,11211,308 GRAHAM AVENUE,GRAHAM AVENUE,,,,,ADDRESS,BROOKLYN,,DSNY Garage,Closed,,"The Department of Sanitation has investigated the complaint and addressed the issue. If the problem persists, call 311 to enter a new complaint. If you are outside of New York City, please call (212) NEW-YORK (212-639-9675).",08/13/2018 12:00:00 PM,01 BROOKLYN,3027770007,BROOKLYN,999742,199040,PHONE,Unspecified,BROOKLYN,,,,,,,,40.712982003569415,-73.94411795989889,"(40.712982003569415, -73.94411795989889)"
39812357,07/22/2018 04:16:00 PM,07/23/2018 12:00:00 PM,DSNY,Manhattan 07,Overflowing Recycling Baskets,6R Overflowing Recycling Baskets,Sidewalk,10024,,,,,WEST 89 STREET,COLUMBUS AVENUE,INTERSECTION,NEW YORK,,DSNY Garage,Closed,,The Department of Sanitation cleaned the location.,07/23/2018 12:00:00 PM,07 MANHATTAN,,MANHATTAN,992346,226521,PHONE,Unspecified,MANHATTAN,,,,,,,,40.78842025637503,-73.97076338771852,"(40.78842025637503, -73.97076338771852)"
39554044,06/23/2018 05:33:00 PM,06/25/2018 12:00:00 PM,DSNY,Manhattan 06,Overflowing Recycling Baskets,6R Overflowing Recycling Baskets,Sidewalk,10010,283 3 AVENUE,3 AVENUE,EAST 22 STREET,EAST 23 STREET,,,ADDRESS,NEW YORK,,DSNY Garage,Closed,,The Department of Sanitation cleaned the location.,06/25/2018 12:00:00 PM,06 MANHATTAN,1009030001,MANHATTAN,988809,208246,PHONE,Unspecified,MANHATTAN,,,,,,,,40.738262624801926,-73.98354874328433,"(40.738262624801926, -73.98354874328433)"
39618650,06/30/2018 05:38:00 PM,07/02/2018 12:00:00 PM,DSNY,BCC - Queens East,Overflowing Recycling Baskets,6R Overflowing Recycling Baskets,Sidewalk,11363,,,,,235 STREET,41 AVENUE,INTERSECTION,Little Neck,,DSNY Garage,Closed,,The Department of Sanitation cleaned the location.,07/02/2018 12:00:00 PM,11 QUEENS,,QUEENS,1053770,219462,PHONE,Unspecified,QUEENS,,,,,,,,40.76877551655407,-73.74902019702859,"(40.76877551655407, -73.74902019702859)"
39186565,05/13/2018 04:54:00 PM,05/14/2018 12:00:00 PM,DSNY,Manhattan 04,Overflowing Recycling Baskets,6R Overflowing Recycling Baskets,Sidewalk,10019,,,,,WEST 51 STREET,10 AVENUE,INTERSECTION,NEW YORK,,N/A,Closed,,The Department of Sanitation cleaned the location.,05/14/2018 12:00:00 PM,04 MANHATTAN,,MANHATTAN,986651,218100,PHONE,Unspecified,MANHATTAN,,,,,,,,40.76531021023602,-73.99133241757852,"(40.76531021023602, -73.99133241757852)"
38534664,02/23/2018 09:03:00 AM,02/24/2018 12:00:00 PM,DSNY,BCC - Brooklyn South,Overflowing Recycling Baskets,6R Overflowing Recycling Baskets,Sidewalk,11201,205 SMITH STREET,SMITH STREET,WARREN STREET,BALTIC STREET,,,ADDRESS,BROOKLYN,,DSNY Garage,Closed,,The Department of Sanitation cleaned the location.,02/24/2018 12:00:00 PM,06 BROOKLYN,3003970001,BROOKLYN,986556,188806,PHONE,Unspecified,BROOKLYN,,,,,,,,40.68490532433471,-73.99168540420952,"(40.68490532433471, -73.99168540420952)"
37582567,11/01/2017 09:38:00 AM,11/03/2017 12:00:00 PM,DSNY,BCC - Brooklyn North,Overflowing Recycling Baskets,6R Overflowing Recycling Baskets,Sidewalk,11203,4319 CHURCH AVENUE,CHURCH AVENUE,EAST 43 STREET,TROY AVENUE,,,ADDRESS,BROOKLYN,,DSNY Garage,Closed,,The Department of Sanitation cleaned the location.,11/03/2017 12:00:00 PM,17 BROOKLYN,3048800035,BROOKLYN,1001766,176621,PHONE,Unspecified,BROOKLYN,,,,,,,,40.65144319317462,-73.93687535720322,"(40.65144319317462, -73.93687535720322)"
38820641,03/29/2018 05:07:00 PM,03/30/2018 12:00:00 PM,DSNY,BCC - Queens West,Overflowing Recycling Baskets,6R Overflowing Recycling Baskets,Sidewalk,11106,35-59 28 STREET,28 STREET,,,,,ADDRESS,Astoria,,DSNY Garage,Closed,,The Department of Sanitation investigated this complaint and found no condition at the location.,03/30/2018 12:00:00 PM,01 QUEENS,4003400001,QUEENS,1003201,215582,PHONE,Unspecified,QUEENS,,,,,,,,40.75837896368701,-73.93159421981676,"(40.75837896368701, -73.93159421981676)"
38728913,03/19/2018 09:39:00 AM,03/19/2018 12:00:00 PM,DSNY,BCC - Bronx,Overflowing Recycling Baskets,6R Overflowing Recycling Baskets,Sidewalk,10468,2925 GRAND CONCOURSE,GRAND CONCOURSE,,,,,ADDRESS,BRONX,,DSNY Garage,Closed,,The Department of Sanitation investigated this complaint and found no condition at the location.,03/19/2018 12:00:00 PM,07 BRONX,2033200028,BRONX,1015065,256834,PHONE,Unspecified,BRONX,,,,,,,,40.87157066802531,-73.88858040723284,"(40.87157066802531, -73.88858040723284)"
37411001,10/11/2017 04:46:00 PM,10/16/2017 12:00:00 PM,DSNY,BCC - Brooklyn South,Overflowing Recycling Baskets,6R Overflowing Recycling Baskets,Sidewalk,11231,,,,,COURT STREET,SACKETT STREET,INTERSECTION,BROOKLYN,,DSNY Garage,Closed,,"The Department of Sanitation has investigated the complaint and addressed the issue. If the problem persists, call 311 to enter a new complaint. If you are outside of New York City, please call (212) NEW-YORK (212-639-9675).",10/16/2017 12:00:00 PM,06 BROOKLYN,,BROOKLYN,985482,188137,PHONE,Unspecified,BROOKLYN,,,,,,,,40.683069286612145,-73.9955579791997,"(40.683069286612145, -73.9955579791997)"
37331911,10/02/2017 12:40:00 PM,10/04/2017 12:00:00 PM,DSNY,BCC - Brooklyn North,Overflowing Recycling Baskets,6R Overflowing Recycling Baskets,Sidewalk,11201,,,,,HENRY STREET,PINEAPPLE STREET,INTERSECTION,BROOKLYN,,DSNY Garage,Closed,,The Department of Sanitation cleaned the location.,10/04/2017 12:00:00 PM,02 BROOKLYN,,BROOKLYN,986272,193613,PHONE,Unspecified,BROOKLYN,,,,,,,,40.69809949967424,-73.99270796189893,"(40.69809949967424, -73.99270796189893)"
33810743,07/11/2016 10:24:00 AM,07/13/2016 12:00:00 PM,DSNY,Bronx 08,Overflowing Recycling Baskets,6R Overflowing Recycling Baskets,Sidewalk,10471,,,WEST 259 STREET,RIVERDALE AVENUE,WEST 259 STREET,RIVERDALE AVENUE,INTERSECTION,BRONX,,N/A,Closed,,The Department of Sanitation cleaned the location.,07/18/2016 12:00:00 PM,08 BRONX,,BRONX,1010759,269687,PHONE,Unspecified,BRONX,,,,,,,,40.90686206203151,-73.90409897036128,"(40.90686206203151, -73.90409897036128)"
33809373,07/10/2016 02:42:00 PM,07/11/2016 12:00:00 PM,DSNY,BCC - Queens West,Overflowing Recycling Baskets,6R Overflowing Recycling Baskets,Sidewalk,11418,91-40 114 STREET,114 STREET,,,,,ADDRESS,Richmond Hill,,DSNY Garage,Closed,,The Department of Sanitation investigated this complaint and found no condition at the location.,07/11/2016 12:00:00 PM,09 QUEENS,4093210011,QUEENS,1030565,192342,PHONE,Unspecified,QUEENS,,,,,,,,40.69448993922939,-73.83298087794476,"(40.69448993922939, -73.83298087794476)"
33807596,07/10/2016 09:57:00 AM,07/13/2016 12:00:00 PM,DSNY,Bronx 08,Overflowing Recycling Baskets,6R Overflowing Recycling Baskets,Sidewalk,10471,,,RIVERDALE AVENUE,WEST 259 STREET,RIVERDALE AVENUE,WEST 259 STREET,INTERSECTION,BRONX,,N/A,Closed,,The Department of Sanitation cleaned the location.,07/13/2016 12:00:00 PM,08 BRONX,,BRONX,1010759,269687,PHONE,Unspecified,BRONX,,,,,,,,40.90686206203151,-73.90409897036128,"(40.90686206203151, -73.90409897036128)"
33775104,07/05/2016 10:24:00 PM,07/06/2016 12:00:00 PM,DSNY,BCC - Queens East,Overflowing Recycling Baskets,6R Overflowing Recycling Baskets,Sidewalk,11428,222-34 92 AVENUE,92 AVENUE,,,,,ADDRESS,Queens Village,,DSNY Garage,Closed,,The Department of Sanitation investigated this complaint and found no condition at the location.,07/06/2016 12:00:00 PM,13 QUEENS,4107530023,QUEENS,1057817,204140,PHONE,Unspecified,QUEENS,,,,,,,,40.72668792061416,-73.73457748675794,"(40.72668792061416, -73.73457748675794)"
33721969,06/29/2016 01:17:00 PM,06/29/2016 01:17:00 PM,DSNY,Manhattan 07,Overflowing Recycling Baskets,6R Overflowing Recycling Baskets,Sidewalk,10024,,,,,WEST 90 STREET,BROADWAY,INTERSECTION,NEW YORK,,DSNY Garage,Closed,,The Department of Sanitation cleaned the location.,06/29/2016 01:17:00 PM,07 MANHATTAN,,MANHATTAN,991293,227403,PHONE,Unspecified,MANHATTAN,,,,,,,,40.79084201128931,-73.97456510009495,"(40.79084201128931, -73.97456510009495)"
33622012,06/16/2016 04:15:00 PM,06/16/2016 04:15:00 PM,DSNY,Manhattan 07,Overflowing Recycling Baskets,6R Overflowing Recycling Baskets,Sidewalk,10024,2197 BROADWAY,BROADWAY,WEST 77 STREET,WEST 78 STREET,,,ADDRESS,NEW YORK,,DSNY Garage,Closed,,The Department of Sanitation cleaned the location.,06/16/2016 04:15:00 PM,07 MANHATTAN,1011690057,MANHATTAN,989634,224548,PHONE,Unspecified,MANHATTAN,,,,,,,,40.78300696644881,-73.98055865595072,"(40.78300696644881, -73.98055865595072)"
33592639,06/13/2016 10:47:00 AM,06/14/2016 12:00:00 PM,DSNY,Brooklyn South 10,Overflowing Recycling Baskets,6R Overflowing Recycling Baskets,Sidewalk,11220,,,,,67 STREET,COLONIAL ROAD,INTERSECTION,BROOKLYN,,N/A,Closed,,The Department of Sanitation cleaned the location.,06/14/2016 12:00:00 PM,10 BROOKLYN,,BROOKLYN,975835,172319,PHONE,Unspecified,BROOKLYN,,,,,,,,40.63964845676748,-74.03032084616878,"(40.63964845676748, -74.03032084616878)"
33492617,06/01/2016 08:23:00 AM,06/02/2016 12:00:00 PM,DSNY,BCC - Brooklyn South,Overflowing Recycling Baskets,6R Overflowing Recycling Baskets,Sidewalk,11229,,,,,EAST 16 STREET,KINGS HIGHWAY,INTERSECTION,BROOKLYN,,DSNY Garage,Closed,,The Department of Sanitation investigated this complaint and found no condition at the location.,06/02/2016 12:00:00 PM,15 BROOKLYN,,BROOKLYN,996077,161202,PHONE,Unspecified,BROOKLYN,,,,,,,,40.60913072508507,-73.95740454841642,"(40.60913072508507, -73.95740454841642)"
33332380,05/11/2016 12:07:00 PM,05/12/2016 12:00:00 PM,DSNY,Manhattan 02,Overflowing Recycling Baskets,6R Overflowing Recycling Baskets,Sidewalk,10012,,,,,WEST HOUSTON STREET,MERCER STREET,INTERSECTION,NEW YORK,,DSNY Garage,Closed,,The Department of Sanitation investigated this complaint and found no condition at the location.,05/12/2016 12:00:00 PM,02 MANHATTAN,,MANHATTAN,984912,203704,PHONE,Unspecified,MANHATTAN,,,,,,,,40.72579709959914,-73.99761160457604,"(40.72579709959914, -73.99761160457604)"
33238368,04/28/2016 03:43:00 PM,04/29/2016 12:00:00 PM,DSNY,BCC - Brooklyn North,Overflowing Recycling Baskets,6R Overflowing Recycling Baskets,Sidewalk,11201,,,,,CLINTON STREET,ATLANTIC AVENUE,INTERSECTION,BROOKLYN,,DSNY Garage,Closed,,"The Department of Sanitation has investigated the complaint and addressed the issue. If the problem persists, call 311 to enter a new complaint. If you are outside of New York City, please call (212) NEW-YORK (212-639-9675).",04/29/2016 12:00:00 PM,02 BROOKLYN,,BROOKLYN,985814,190749,PHONE,Unspecified,BROOKLYN,,,,,,,,40.69023857588785,-73.99436033480413,"(40.69023857588785, -73.99436033480413)"
33182634,04/21/2016 10:59:00 AM,04/22/2016 12:00:00 PM,DSNY,BCC - Staten Island,Overflowing Recycling Baskets,6R Overflowing Recycling Baskets,Sidewalk,10304,613 BAY STREET,BAY STREET,WATER STREET,CANAL STREET,,,ADDRESS,STATEN ISLAND,,DSNY Garage,Closed,,The Department of Sanitation investigated this complaint and found no condition at the location.,04/22/2016 12:00:00 PM,01 STATEN ISLAND,5004930003,STATEN ISLAND,963210,167698,PHONE,Unspecified,STATEN ISLAND,,,,,,,,40.626943803777344,-74.07579670018804,"(40.626943803777344, -74.07579670018804)"
32987840,03/25/2016 07:44:00 AM,03/25/2016 12:00:00 PM,DSNY,Manhattan 07,Overflowing Recycling Baskets,6R Overflowing Recycling Baskets,Sidewalk,10025,,,,,BROADWAY,WEST 93 STREET,INTERSECTION,NEW YORK,,DSNY Garage,Closed,,The Department of Sanitation investigated this complaint and found no condition at the location.,03/25/2016 12:00:00 PM,07 MANHATTAN,,MANHATTAN,991674,228088,PHONE,Unspecified,MANHATTAN,,,,,,,,40.79272183973484,-73.97318840989995,"(40.79272183973484, -73.97318840989995)"
32776575,02/26/2016 09:05:00 AM,02/26/2016 12:00:00 PM,DSNY,BCC - Brooklyn South,Overflowing Recycling Baskets,6R Overflowing Recycling Baskets,Sidewalk,11223,306 KINGS HIGHWAY,KINGS HIGHWAY,,,,,ADDRESS,BROOKLYN,,DSNY Garage,Closed,,The Department of Sanitation removed the items.,02/26/2016 12:00:00 PM,11 BROOKLYN,3066500022,BROOKLYN,990002,159723,PHONE,Unspecified,BROOKLYN,,,,,,,,40.605077198591346,-73.97928518183384,"(40.605077198591346, -73.97928518183384)"
32479892,01/22/2016 01:49:00 PM,01/25/2016 12:00:00 PM,DSNY,BCC - Manhattan,Overflowing Recycling Baskets,6R Overflowing Recycling Baskets,Sidewalk,10033,200 PINEHURST AVENUE,PINEHURST AVENUE,,,,,ADDRESS,NEW YORK,,DSNY Garage,Closed,,The Department of Sanitation cleaned the location.,01/25/2016 12:00:00 PM,12 MANHATTAN,1021790158,MANHATTAN,1001404,250719,PHONE,Unspecified,MANHATTAN,,,,,,,,40.85482396627592,-73.93799091029794,"(40.85482396627592, -73.93799091029794)"
32416974,01/14/2016 04:08:00 PM,01/15/2016 12:00:00 PM,DSNY,BCC - Staten Island,Overflowing Recycling Baskets,6R Overflowing Recycling Baskets,Sidewalk,10314,,,,,VICTORY BOULEVARD,MANOR ROAD,INTERSECTION,STATEN ISLAND,,DSNY Garage,Closed,,The Department of Sanitation investigated this complaint and found no condition at the location.,01/15/2016 12:00:00 PM,01 STATEN ISLAND,,STATEN ISLAND,950223,162661,PHONE,Unspecified,STATEN ISLAND,,,,,,,,40.61307793694791,-74.12255699238123,"(40.61307793694791, -74.12255699238123)"
32151682,12/07/2015 06:45:00 PM,12/08/2015 12:00:00 PM,DSNY,BCC - Manhattan,Overflowing Recycling Baskets,6R Overflowing Recycling Baskets,Sidewalk,10032,515 WEST  160 STREET,WEST  160 STREET,AMSTERDAM AVENUE,BROADWAY,,,ADDRESS,NEW YORK,,DSNY Garage,Closed,,The Department of Sanitation investigated this complaint and found no condition at the location.,12/08/2015 12:00:00 PM,12 MANHATTAN,1021190050,MANHATTAN,1000480,243506,PHONE,Unspecified,MANHATTAN,,,,,,,,40.83502814949901,-73.94134848613588,"(40.83502814949901, -73.94134848613588)"
31976023,11/13/2015 11:17:00 AM,11/14/2015 12:00:00 PM,DSNY,Manhattan 08,Overflowing Recycling Baskets,6R Overflowing Recycling Baskets,Sidewalk,10128,,,,,EAST 91 STREET,LEXINGTON AVENUE,INTERSECTION,NEW YORK,,DSNY Garage,Closed,,The Department of Sanitation cleaned the location.,11/14/2015 12:00:00 PM,08 MANHATTAN,,MANHATTAN,997194,224433,PHONE,Unspecified,MANHATTAN,,,,,,,,40.78268348345864,-73.95326011428742,"(40.78268348345864, -73.95326011428742)"
31879523,10/30/2015 04:33:00 PM,11/09/2015 12:00:00 PM,DSNY,BCC - Brooklyn South,Overflowing Recycling Baskets,6R Overflowing Recycling Baskets,Sidewalk,11217,89 7 AVENUE,7 AVENUE,,,,,ADDRESS,BROOKLYN,,DSNY Garage,Closed,,The Department of Sanitation investigated this complaint and found no condition at the location.,11/09/2015 12:00:00 PM,06 BROOKLYN,3010630001,BROOKLYN,991075,185036,PHONE,Unspecified,BROOKLYN,,,,,,,,40.67455519850857,-73.97539535543946,"(40.67455519850857, -73.97539535543946)"
31841323,10/27/2015 03:30:00 PM,10/28/2015 12:00:00 PM,DSNY,Manhattan 08,Overflowing Recycling Baskets,6R Overflowing Recycling Baskets,Sidewalk,10021,517 EAST   71 STREET,EAST   71 STREET,,,,,ADDRESS,NEW YORK,,DSNY Garage,Closed,,The Department of Sanitation investigated this complaint and found no condition at the location.,10/28/2015 12:00:00 PM,08 MANHATTAN,1014830038,MANHATTAN,997081,218332,PHONE,Unspecified,MANHATTAN,,,,,,,,40.76593800495037,-73.95367979867872,"(40.76593800495037, -73.95367979867872)"
31805833,10/21/2015 06:26:00 PM,10/24/2015 12:00:00 PM,DSNY,BCC - Brooklyn North,Overflowing Recycling Baskets,6R Overflowing Recycling Baskets,Sidewalk,11211,,,,,NORTH 8 STREET,BEDFORD AVENUE,INTERSECTION,BROOKLYN,,DSNY Garage,Closed,,The Department of Sanitation cleaned the location.,10/24/2015 12:00:00 PM,01 BROOKLYN,,BROOKLYN,996133,201007,PHONE,Unspecified,BROOKLYN,,,,,,,,40.71838653050997,-73.95713270649787,"(40.71838653050997, -73.95713270649787)"
31648359,09/30/2015 02:09:00 AM,10/01/2015 12:00:00 PM,DSNY,Bronx 11,Overflowing Recycling Baskets,6R Overflowing Recycling Baskets,Sidewalk,10462,2138 WHITE PLAINS ROAD,WHITE PLAINS ROAD,LYDIG AVENUE,CRUGER AVENUE,,,ADDRESS,BRONX,,N/A,Closed,,"The Department of Sanitation has investigated the complaint and addressed the issue. If the problem persists, call 311 to enter a new complaint. If you are outside of New York City, please call (212) NEW-YORK (212-639-9675).",10/01/2015 12:00:00 PM,11 BRONX,2042870031,BRONX,1020850,250578,PHONE,Unspecified,BRONX,,,,,,,,40.854377765941344,-73.8676974390207,"(40.854377765941344, -73.8676974390207)"
31641271,09/29/2015 07:33:00 AM,09/30/2015 12:00:00 PM,DSNY,BCC - Brooklyn North,Overflowing Recycling Baskets,6R Overflowing Recycling Baskets,Sidewalk,,,,,,JORALEMON STREET,COURT STREET,INTERSECTION,,,DSNY Garage,Closed,,The Department of Sanitation cleaned the location.,09/30/2015 12:00:00 PM,02 BROOKLYN,,BROOKLYN,,,PHONE,Unspecified,BROOKLYN,,,,,,,,,,
31635957,09/28/2015 06:58:00 PM,10/01/2015 12:00:00 PM,DSNY,BCC - Brooklyn North,Overflowing Recycling Baskets,6R Overflowing Recycling Baskets,Sidewalk,11211,,,,,BEDFORD AVENUE,NORTH 8 STREET,INTERSECTION,BROOKLYN,,DSNY Garage,Closed,,The Department of Sanitation cleaned the location.,10/01/2015 12:00:00 PM,01 BROOKLYN,,BROOKLYN,996133,201007,PHONE,Unspecified,BROOKLYN,,,,,,,,40.71838653050997,-73.95713270649787,"(40.71838653050997, -73.95713270649787)"
31635523,09/28/2015 09:07:00 AM,09/28/2015 12:00:00 PM,DSNY,BCC - Staten Island,Overflowing Recycling Baskets,6R Overflowing Recycling Baskets,Sidewalk,10304,363 VAN DUZER STREET,VAN DUZER STREET,PROSPECT STREET,BEACH STREET,,,ADDRESS,STATEN ISLAND,,DSNY Garage,Closed,,The Department of Sanitation investigated this complaint and found no condition at the location.,09/28/2015 12:00:00 PM,01 STATEN ISLAND,5005130057,STATEN ISLAND,962209,168548,PHONE,Unspecified,STATEN ISLAND,,,,,,,,40.62927443992769,-74.07940558129756,"(40.62927443992769, -74.07940558129756)"
31594847,09/22/2015 05:08:00 PM,10/01/2015 12:00:00 PM,DSNY,BCC - Manhattan,Overflowing Recycling Baskets,6R Overflowing Recycling Baskets,Sidewalk,10026,,,,,WEST 110 STREET,MANHATTAN AVENUE,INTERSECTION,NEW YORK,,DSNY Garage,Closed,,The Department of Sanitation investigated this complaint and found no condition at the location.,10/01/2015 12:00:00 PM,07 MANHATTAN,,MANHATTAN,995422,231162,PHONE,Unspecified,MANHATTAN,,,,,,,,40.80115519004286,-73.95964748925181,"(40.80115519004286, -73.95964748925181)"
31588427,09/22/2015 02:09:00 PM,09/23/2015 12:00:00 PM,DSNY,BCC - Bronx,Overflowing Recycling Baskets,6R Overflowing Recycling Baskets,Sidewalk,10458,489 EAST  183 STREET,EAST  183 STREET,,,,,ADDRESS,BRONX,,DSNY Garage,Closed,,The Department of Sanitation cleaned the location.,09/23/2015 12:00:00 PM,06 BRONX,2030530055,BRONX,1013894,250842,PHONE,Unspecified,BRONX,,,,,,,,40.8551284623304,-73.89284095980005,"(40.8551284623304, -73.89284095980005)"
31587348,09/21/2015 04:44:00 PM,09/22/2015 12:00:00 PM,DSNY,BCC - Staten Island,Overflowing Recycling Baskets,6R Overflowing Recycling Baskets,Sidewalk,10314,1760 VICTORY BOULEVARD,VICTORY BOULEVARD,WINTHROP PLACE,MANOR ROAD,,,ADDRESS,STATEN ISLAND,,DSNY Garage,Closed,,The Department of Sanitation investigated this complaint and found no condition at the location.,09/22/2015 12:00:00 PM,01 STATEN ISLAND,5007070001,STATEN ISLAND,950318,162667,PHONE,Unspecified,STATEN ISLAND,,,,,,,,40.61309477000726,-74.1222148560423,"(40.61309477000726, -74.1222148560423)"
31493857,09/09/2015 02:55:00 PM,09/11/2015 12:00:00 PM,DSNY,Manhattan 07,Overflowing Recycling Baskets,6R Overflowing Recycling Baskets,Sidewalk,10025,2740 BROADWAY,BROADWAY,WEST 105 STREET,WEST 106 STREET,,,ADDRESS,NEW YORK,,DSNY Garage,Closed,,The Department of Sanitation cleaned the location.,09/11/2015 12:00:00 PM,07 MANHATTAN,1018770015,MANHATTAN,993124,230971,PHONE,Unspecified,MANHATTAN,,,,,,,,40.800633554036025,-73.96794796190498,"(40.800633554036025, -73.96794796190498)"
31492712,09/09/2015 05:47:00 PM,09/11/2015 12:00:00 PM,DSNY,Manhattan 07,Overflowing Recycling Baskets,6R Overflowing Recycling Baskets,Sidewalk,10023,,,,,BROADWAY,WEST 72 STREET,INTERSECTION,NEW YORK,,DSNY Garage,Closed,,The Department of Sanitation cleaned the location.,09/11/2015 12:00:00 PM,07 MANHATTAN,,MANHATTAN,989220,223013,PHONE,Unspecified,MANHATTAN,,,,,,,,40.77879404063979,-73.98205472388632,"(40.77879404063979, -73.98205472388632)"
31411565,08/28/2015 09:58:00 AM,08/29/2015 12:00:00 PM,DSNY,BCC - Manhattan,Overflowing Recycling Baskets,6R Overflowing Recycling Baskets,Sidewalk,10030,2427 7 AVENUE,7 AVENUE,,,,,ADDRESS,NEW YORK,,DSNY Garage,Closed,,The Department of Sanitation cleaned the location.,08/29/2015 12:00:00 PM,10 MANHATTAN,1020100063,MANHATTAN,1000691,237862,PHONE,Unspecified,MANHATTAN,,,,,,,,40.819536592759505,-73.94059981128,"(40.819536592759505, -73.94059981128)"
31301127,08/13/2015 12:54:00 PM,08/14/2015 12:00:00 PM,DSNY,Brooklyn North 03,Overflowing Recycling Baskets,6R Overflowing Recycling Baskets,Sidewalk,11216,451 NOSTRAND AVENUE,NOSTRAND AVENUE,HANCOCK STREET,HALSEY STREET,,,ADDRESS,BROOKLYN,,DSNY Garage,Closed,,The Department of Sanitation cleaned the location.,08/14/2015 12:00:00 PM,03 BROOKLYN,3018380090,BROOKLYN,998146,187767,PHONE,Unspecified,BROOKLYN,,,,,,,,40.682042898993664,-73.94989823512506,"(40.682042898993664, -73.94989823512506)"
31081099,07/15/2015 08:57:00 AM,07/15/2015 12:00:00 PM,DSNY,BCC - Queens East,Overflowing Recycling Baskets,6R Overflowing Recycling Baskets,Sidewalk,11367,,,,,UNION TURNPIKE,154 STREET,INTERSECTION,Flushing,,DSNY Garage,Closed,,The Department of Sanitation cleaned the location.,07/15/2015 12:00:00 PM,08 QUEENS,,QUEENS,1036978,201545,PHONE,Unspecified,QUEENS,,,,,,,,40.71971405573672,-73.80978260036147,"(40.71971405573672, -73.80978260036147)"
31080345,07/15/2015 03:27:00 PM,07/16/2015 12:00:00 PM,DSNY,Queens West 04,Overflowing Recycling Baskets,6R Overflowing Recycling Baskets,Sidewalk,11373,,,,,QUEENS BOULEVARD,90 STREET,INTERSECTION,Elmhurst,,N/A,Closed,,The Department of Sanitation cleaned the location.,07/16/2015 12:00:00 PM,04 QUEENS,,QUEENS,1019717,206706,PHONE,Unspecified,QUEENS,,,,,,,,40.7339657696487,-73.87202472020846,"(40.7339657696487, -73.87202472020846)"
31067438,07/13/2015 04:40:00 PM,07/14/2015 12:00:00 PM,DSNY,Manhattan 04,Overflowing Recycling Baskets,6R Overflowing Recycling Baskets,Sidewalk,10019,,,,,WEST 51 STREET,10 AVENUE,INTERSECTION,NEW YORK,,N/A,Closed,,The Department of Sanitation cleaned the location.,07/14/2015 12:00:00 PM,04 MANHATTAN,,MANHATTAN,986651,218100,PHONE,Unspecified,MANHATTAN,,,,,,,,40.76531021023602,-73.99133241757852,"(40.76531021023602, -73.99133241757852)"
31056763,07/11/2015 05:58:00 AM,07/11/2015 12:00:00 PM,DSNY,Bronx 10,Overflowing Recycling Baskets,6R Overflowing Recycling Baskets,Sidewalk,10465,3421 EAST TREMONT AVENUE,EAST TREMONT AVENUE,BRUCKNER BOULEVARD,OTIS AVENUE,,,ADDRESS,BRONX,,N/A,Closed,,The Department of Sanitation removed the items.,07/11/2015 12:00:00 PM,10 BRONX,2054190114,BRONX,1031866,242687,PHONE,Unspecified,BRONX,,,,,,,,40.83266678445332,-73.82793265846034,"(40.83266678445332, -73.82793265846034)"
31032033,07/08/2015 04:30:00 PM,07/09/2015 12:00:00 PM,DSNY,BCC - Queens East,Overflowing Recycling Baskets,6R Overflowing Recycling Baskets,Sidewalk,,,,,,MAIN STREET,REEVES AVENUE,INTERSECTION,,,DSNY Garage,Closed,,"The Department of Sanitation has investigated the complaint and addressed the issue. If the problem persists, call 311 to enter a new complaint. If you are outside of New York City, please call (212) NEW-YORK (212-639-9675).",07/09/2015 12:00:00 PM,08 QUEENS,,QUEENS,,,PHONE,Unspecified,QUEENS,,,,,,,,,,
31032032,07/08/2015 08:14:00 AM,07/09/2015 12:00:00 PM,DSNY,BCC - Queens East,Overflowing Recycling Baskets,6R Overflowing Recycling Baskets,Sidewalk,11428,208-19 JAMAICA AVENUE,JAMAICA AVENUE,,,,,ADDRESS,Queens Village,,DSNY Garage,Closed,,The Department of Sanitation cleaned the location.,07/09/2015 12:00:00 PM,13 QUEENS,4105410001,QUEENS,1053004,199663,PHONE,Unspecified,QUEENS,,,,,,,,40.71443840313886,-73.75198795445617,"(40.71443840313886, -73.75198795445617)"
31008406,07/05/2015 07:18:00 AM,07/06/2015 12:00:00 PM,DSNY,Queens West 03,Overflowing Recycling Baskets,6R Overflowing Recycling Baskets,Sidewalk,11372,73-19 ROOSEVELT AVENUE,ROOSEVELT AVENUE,,,,,ADDRESS,Jackson Heights,,N/A,Closed,,The Department of Sanitation cleaned the location.,07/06/2015 12:00:00 PM,03 QUEENS,4012840071,QUEENS,1014257,211384,PHONE,Unspecified,QUEENS,,,,,,,,40.746825916012504,-73.8917051027726,"(40.746825916012504, -73.8917051027726)"
30993387,07/01/2015 09:58:00 PM,07/02/2015 12:00:00 PM,DSNY,Manhattan 05,Overflowing Recycling Baskets,6R Overflowing Recycling Baskets,Sidewalk,10022,130 EAST   59 STREET,EAST   59 STREET,PARK AVENUE,LEXINGTON AVENUE,,,ADDRESS,NEW YORK,,DSNY Garage,Closed,,The Department of Sanitation cleaned the location.,07/02/2015 12:00:00 PM,05 MANHATTAN,1013137502,MANHATTAN,992965,217029,ONLINE,Unspecified,MANHATTAN,,,,,,,,40.76236662204392,-73.96854033989447,"(40.76236662204392, -73.96854033989447)"
30933765,06/25/2015 04:42:00 PM,06/27/2015 12:00:00 PM,DSNY,BCC - Brooklyn North,Overflowing Recycling Baskets,6R Overflowing Recycling Baskets,Sidewalk,11211,635 METROPOLITAN AVENUE,METROPOLITAN AVENUE,LORIMER STREET,LEONARD STREET,,,ADDRESS,BROOKLYN,,DSNY Garage,Closed,,"The Department of Sanitation has investigated the complaint and addressed the issue. If the problem persists, call 311 to enter a new complaint. If you are outside of New York City, please call (212) NEW-YORK (212-639-9675).",06/27/2015 12:00:00 PM,01 BROOKLYN,3027570024,BROOKLYN,998661,199482,PHONE,Unspecified,BROOKLYN,,,,,,,,40.71419701471725,-73.94801634698669,"(40.71419701471725, -73.94801634698669)"
30923976,06/24/2015 10:53:00 AM,06/24/2015 12:00:00 PM,DSNY,Manhattan 07,Overflowing Recycling Baskets,6R Overflowing Recycling Baskets,Sidewalk,10025,,,,,WEST 95 STREET,BROADWAY,INTERSECTION,NEW YORK,,DSNY Garage,Closed,,The Department of Sanitation cleaned the location.,06/24/2015 12:00:00 PM,07 MANHATTAN,,MANHATTAN,991925,228547,PHONE,Unspecified,MANHATTAN,,,,,,,,40.79398145623041,-73.97228140520521,"(40.79398145623041, -73.97228140520521)"
30918534,06/23/2015 07:24:00 AM,06/24/2015 12:00:00 PM,DSNY,Manhattan 07,Overflowing Recycling Baskets,6R Overflowing Recycling Baskets,Sidewalk,10025,2495 BROADWAY,BROADWAY,,,,,ADDRESS,NEW YORK,,DSNY Garage,Closed,,The Department of Sanitation cleaned the location.,06/24/2015 12:00:00 PM,07 MANHATTAN,1012400052,MANHATTAN,991643,228039,PHONE,Unspecified,MANHATTAN,,,,,,,,40.79258737395387,-73.97330041955475,"(40.79258737395387, -73.97330041955475)"
30882411,06/18/2015 11:02:00 AM,06/19/2015 12:00:00 PM,DSNY,BCC - Brooklyn South,Overflowing Recycling Baskets,6R Overflowing Recycling Baskets,Sidewalk,11230,,,,,AVENUE J,EAST 12 STREET,INTERSECTION,BROOKLYN,,DSNY Garage,Closed,,The Department of Sanitation removed the items.,06/19/2015 12:00:00 PM,14 BROOKLYN,,BROOKLYN,994195,166938,PHONE,Unspecified,BROOKLYN,,,,,,,,40.624877166598594,-73.96417420295703,"(40.624877166598594, -73.96417420295703)"
30809322,06/09/2015 08:30:00 PM,06/10/2015 12:00:00 PM,DSNY,Manhattan 07,Overflowing Recycling Baskets,6R Overflowing Recycling Baskets,Sidewalk,10024,516 COLUMBUS AVENUE,COLUMBUS AVENUE,WEST 84 STREET,WEST 85 STREET,,,ADDRESS,NEW YORK,,DSNY Garage,Closed,,The Department of Sanitation cleaned the location.,06/10/2015 12:00:00 PM,07 MANHATTAN,1012150033,MANHATTAN,991786,225517,PHONE,Unspecified,MANHATTAN,,,,,,,,40.785665040325235,-73.97278680926496,"(40.785665040325235, -73.97278680926496)"
30718588,05/28/2015 08:26:00 AM,05/28/2015 12:00:00 PM,DSNY,Manhattan 08,Overflowing Recycling Baskets,6R Overflowing Recycling Baskets,Sidewalk,10075,1101 LEXINGTON AVENUE,LEXINGTON AVENUE,EAST 77 STREET,EAST 78 STREET,,,ADDRESS,NEW YORK,,DSNY Garage,Closed,,The Department of Sanitation investigated this complaint and found no condition at the location.,05/28/2015 12:00:00 PM,08 MANHATTAN,1014120022,MANHATTAN,995398,221185,PHONE,Unspecified,MANHATTAN,,,,,,,,40.77377102894543,-73.95975073359452,"(40.77377102894543, -73.95975073359452)"
30706667,05/27/2015 09:19:00 AM,05/27/2015 12:00:00 PM,DSNY,Queens West 04,Overflowing Recycling Baskets,6R Overflowing Recycling Baskets,Sidewalk,11373,86-52 QUEENS BOULEVARD,QUEENS BOULEVARD,,,,,ADDRESS,Elmhurst,,N/A,Closed,,"The Department of Sanitation has investigated the complaint and addressed the issue. If the problem persists, call 311 to enter a new complaint. If you are outside of New York City, please call (212) NEW-YORK (212-639-9675).",05/27/2015 12:00:00 PM,04 QUEENS,4028520031,QUEENS,1018472,207436,PHONE,Unspecified,QUEENS,,,,,,,,40.735974342479494,-73.87651332399957,"(40.735974342479494, -73.87651332399957)"
30638955,05/17/2015 03:42:00 PM,05/18/2015 12:00:00 PM,DSNY,Manhattan 07,Overflowing Recycling Baskets,6R Overflowing Recycling Baskets,Sidewalk,10024,,,,,WEST 91 STREET,BROADWAY,INTERSECTION,NEW YORK,,DSNY Garage,Closed,,The Department of Sanitation cleaned the location.,05/18/2015 12:00:00 PM,07 MANHATTAN,,MANHATTAN,991420,227631,PHONE,Unspecified,MANHATTAN,,,,,,,,40.791467707749376,-73.97410621235743,"(40.791467707749376, -73.97410621235743)"
30447943,04/21/2015 01:06:00 PM,04/22/2015 12:00:00 PM,DSNY,BCC - Brooklyn North,Overflowing Recycling Baskets,6R Overflowing Recycling Baskets,Sidewalk,11211,,,,,BEDFORD AVENUE,NORTH 8 STREET,INTERSECTION,BROOKLYN,,DSNY Garage,Closed,,The Department of Sanitation removed the items.,04/22/2015 12:00:00 PM,01 BROOKLYN,,BROOKLYN,996133,201007,PHONE,Unspecified,BROOKLYN,,,,,,,,40.71838653050997,-73.95713270649787,"(40.71838653050997, -73.95713270649787)"
30397076,04/14/2015 05:27:00 PM,04/15/2015 12:00:00 PM,DSNY,Manhattan 07,Overflowing Recycling Baskets,6R Overflowing Recycling Baskets,Sidewalk,10024,,,,,COLUMBUS AVENUE,WEST 85 STREET,INTERSECTION,NEW YORK,,DSNY Garage,Closed,,The Department of Sanitation cleaned the location.,04/15/2015 12:00:00 PM,07 MANHATTAN,,MANHATTAN,991818,225568,PHONE,Unspecified,MANHATTAN,,,,,,,,40.78580499436131,-73.97267119686593,"(40.78580499436131, -73.97267119686593)"
30340224,04/06/2015 09:18:00 AM,04/06/2015 12:00:00 PM,DSNY,Manhattan 07,Overflowing Recycling Baskets,6R Overflowing Recycling Baskets,Sidewalk,10025,,,,,WEST 92 STREET,BROADWAY,INTERSECTION,NEW YORK,,DSNY Garage,Closed,,The Department of Sanitation cleaned the location.,04/06/2015 12:00:00 PM,07 MANHATTAN,,MANHATTAN,991547,227859,PHONE,Unspecified,MANHATTAN,,,,,,,,40.79209340232126,-73.9736473159943,"(40.79209340232126, -73.9736473159943)"
30148503,03/11/2015 03:02:00 PM,03/11/2015 03:02:00 PM,DSNY,Manhattan 07,Overflowing Recycling Baskets,6R Overflowing Recycling Baskets,Sidewalk,10023,,,,,WEST 72 STREET,COLUMBUS AVENUE,INTERSECTION,NEW YORK,,DSNY Garage,Closed,,The Department of Sanitation cleaned the location.,03/11/2015 03:02:00 PM,07 MANHATTAN,,MANHATTAN,990122,222509,PHONE,Unspecified,MANHATTAN,,,,,,,,40.777410140383694,-73.97879829543687,"(40.777410140383694, -73.97879829543687)"
29991427,02/19/2015 02:51:00 PM,02/20/2015 12:00:00 PM,DSNY,BCC - Manhattan,Overflowing Recycling Baskets,6R Overflowing Recycling Baskets,Sidewalk,10033,4188 BROADWAY,BROADWAY,WEST 177 STREET,WEST 178 STREET,,,ADDRESS,NEW YORK,,DSNY Garage,Closed,,The Department of Sanitation cleaned the location.,02/20/2015 12:00:00 PM,12 MANHATTAN,1021450027,MANHATTAN,1001455,248250,PHONE,Unspecified,MANHATTAN,,,,,,,,40.848047195959,-73.93781288923482,"(40.848047195959, -73.93781288923482)"
29627731,01/03/2015 09:07:00 AM,01/03/2015 12:00:00 PM,DSNY,BCC - Staten Island,Overflowing Recycling Baskets,6R Overflowing Recycling Baskets,Sidewalk,10314,37A MARC STREET,MARC STREET,RICHMOND AVENUE,CYPRESS CREST LANE,,,ADDRESS,STATEN ISLAND,,DSNY Garage,Closed,,The Department of Sanitation cleaned the location.,01/03/2015 12:00:00 PM,01 STATEN ISLAND,5014957502,STATEN ISLAND,941956,165089,PHONE,Unspecified,STATEN ISLAND,,,,,,,,40.61970668020405,-74.15234787429901,"(40.61970668020405, -74.15234787429901)"
29528822,12/18/2014 11:44:00 AM,12/18/2014 12:00:00 PM,DSNY,BCC - Brooklyn South,Overflowing Recycling Baskets,6R Overflowing Recycling Baskets,Sidewalk,11231,,,,,COURT STREET,LUQUER STREET,INTERSECTION,BROOKLYN,,DSNY Garage,Closed,,The Department of Sanitation cleaned the location.,12/18/2014 12:00:00 PM,06 BROOKLYN,,BROOKLYN,984689,185974,PHONE,Unspecified,BROOKLYN,,,,,,,,40.67713241710017,-73.99841731044181,"(40.67713241710017, -73.99841731044181)"
29469302,12/09/2014 03:19:00 PM,12/10/2014 12:00:00 PM,DSNY,BCC - Queens East,Overflowing Recycling Baskets,6R Overflowing Recycling Baskets,Sidewalk,11355,,,,,MAPLE AVENUE,MAIN STREET,INTERSECTION,Flushing,,DSNY Garage,Closed,,"The Department of Sanitation has investigated the complaint and addressed the issue. If the problem persists, call 311 to enter a new complaint. If you are outside of New York City, please call (212) NEW-YORK (212-639-9675).",12/10/2014 12:00:00 PM,07 QUEENS,,QUEENS,1031825,214533,PHONE,Unspecified,QUEENS,,,,,,,,40.7553920446811,-73.82828025877158,"(40.7553920446811, -73.82828025877158)"
29397841,11/30/2014 10:28:00 AM,12/01/2014 12:00:00 PM,DSNY,Manhattan 01,Overflowing Recycling Baskets,6R Overflowing Recycling Baskets,Sidewalk,10007,,,,,CHURCH STREET,CHAMBERS STREET,INTERSECTION,NEW YORK,,DSNY Garage,Closed,,The Department of Sanitation removed the items.,12/01/2014 12:00:00 PM,Unspecified MANHATTAN,,MANHATTAN,982049,199744,PHONE,Unspecified,MANHATTAN,,,,,,,,40.714927605024464,-74.00793957864515,"(40.714927605024464, -74.00793957864515)"
29290509,11/14/2014 11:18:00 AM,11/15/2014 12:00:00 PM,DSNY,Manhattan 07,Overflowing Recycling Baskets,6R Overflowing Recycling Baskets,Sidewalk,10024,,,,,WEST 90 STREET,BROADWAY,INTERSECTION,NEW YORK,,DSNY Garage,Closed,,The Department of Sanitation cleaned the location.,11/15/2014 12:00:00 PM,07 MANHATTAN,,MANHATTAN,991293,227403,PHONE,Unspecified,MANHATTAN,,,,,,,,40.79084201128931,-73.97456510009495,"(40.79084201128931, -73.97456510009495)"
29288225,11/14/2014 06:42:00 AM,11/14/2014 12:00:00 PM,DSNY,Manhattan 07,Overflowing Recycling Baskets,6R Overflowing Recycling Baskets,Sidewalk,10025,,,,,WEST 93 STREET,BROADWAY,INTERSECTION,NEW YORK,,DSNY Garage,Closed,,The Department of Sanitation cleaned the location.,11/14/2014 12:00:00 PM,07 MANHATTAN,,MANHATTAN,991674,228088,PHONE,Unspecified,MANHATTAN,,,,,,,,40.79272183973484,-73.97318840989995,"(40.79272183973484, -73.97318840989995)"
29271676,11/12/2014 11:48:00 AM,11/14/2014 12:00:00 PM,DSNY,Queens West 06,Overflowing Recycling Baskets,6R Overflowing Recycling Baskets,Sidewalk,11375,,,,,71 AVENUE,AUSTIN STREET,INTERSECTION,Forest Hills,,N/A,Closed,,The Department of Sanitation collected the requested items.,11/14/2014 12:00:00 PM,06 QUEENS,,QUEENS,1027274,201690,PHONE,Unspecified,QUEENS,,,,,,,,40.72016456114445,-73.84478898171724,"(40.72016456114445, -73.84478898171724)"
29231329,11/06/2014 01:04:00 PM,11/10/2014 12:00:00 PM,DSNY,BCC - Brooklyn South,Overflowing Recycling Baskets,6R Overflowing Recycling Baskets,Sidewalk,11215,,,,,5 STREET,5 AVENUE,INTERSECTION,BROOKLYN,,DSNY Garage,Closed,,The Department of Sanitation investigated this complaint and found no condition at the location.,11/10/2014 12:00:00 PM,06 BROOKLYN,,BROOKLYN,988608,183956,PHONE,Unspecified,BROOKLYN,,,,,,,,40.6715923992266,-73.98428977627874,"(40.6715923992266, -73.98428977627874)"
29211631,11/03/2014 11:33:00 AM,11/03/2014 12:00:00 PM,DSNY,Manhattan 07,Overflowing Recycling Baskets,6R Overflowing Recycling Baskets,Sidewalk,10025,2541 BROADWAY,BROADWAY,WEST 95 STREET,WEST 96 STREET,,,ADDRESS,NEW YORK,,DSNY Garage,Closed,,The Department of Sanitation cleaned the location.,11/03/2014 12:00:00 PM,07 MANHATTAN,1012430010,MANHATTAN,991943,228585,PHONE,Unspecified,MANHATTAN,,,,,,,,40.7940857402956,-73.97221635390157,"(40.7940857402956, -73.97221635390157)"
29111499,10/20/2014 06:21:00 PM,10/21/2014 12:00:00 PM,DSNY,Manhattan 02,Overflowing Recycling Baskets,6R Overflowing Recycling Baskets,Sidewalk,10012,,,,,BROADWAY,WEST HOUSTON STREET,INTERSECTION,NEW YORK,,DSNY Garage,Closed,,The Department of Sanitation cleaned the location.,10/21/2014 12:00:00 PM,02 MANHATTAN,,MANHATTAN,985145,203571,PHONE,Unspecified,MANHATTAN,,,,,,,,40.72543202640792,-73.9967709936638,"(40.72543202640792, -73.9967709936638)"
29077664,10/15/2014 07:57:00 AM,10/15/2014 12:00:00 PM,DSNY,BCC - Manhattan,Overflowing Recycling Baskets,6R Overflowing Recycling Baskets,Sidewalk,10026,,,,,WEST 115 STREET,ST NICHOLAS AVENUE,INTERSECTION,NEW YORK,,DSNY Garage,Closed,,The Department of Sanitation investigated this complaint and found no condition at the location.,10/15/2014 12:00:00 PM,10 MANHATTAN,,MANHATTAN,997376,231603,PHONE,Unspecified,MANHATTAN,,,,,,,,40.80236292744624,-73.95258891215241,"(40.80236292744624, -73.95258891215241)"
28984839,09/30/2014 04:16:00 PM,10/01/2014 12:00:00 PM,DSNY,Manhattan 04,Overflowing Recycling Baskets,6R Overflowing Recycling Baskets,Sidewalk,10019,,,,,WEST 55 STREET,8 AVENUE,INTERSECTION,NEW YORK,,N/A,Closed,,The Department of Sanitation cleaned the location.,10/01/2014 12:00:00 PM,04 MANHATTAN,,MANHATTAN,988731,218140,PHONE,Unspecified,MANHATTAN,,,,,,,,40.765419190305785,-73.98382361493509,"(40.765419190305785, -73.98382361493509)"
28869625,09/12/2014 08:16:00 AM,09/12/2014 12:00:00 PM,DSNY,Manhattan 07,Overflowing Recycling Baskets,6R Overflowing Recycling Baskets,Sidewalk,10025,,,,,WEST 106 STREET,BROADWAY,INTERSECTION,NEW YORK,,DSNY Garage,Closed,,The Department of Sanitation cleaned the location.,09/12/2014 12:00:00 PM,07 MANHATTAN,,MANHATTAN,993144,231233,PHONE,Unspecified,MANHATTAN,,,,,,,,40.801352652225354,-73.96787537678244,"(40.801352652225354, -73.96787537678244)"
28868248,09/12/2014 09:55:00 AM,09/13/2014 12:00:00 PM,DSNY,Queens West 04,Overflowing Recycling Baskets,6R Overflowing Recycling Baskets,Sidewalk,11373,87-03 QUEENS BOULEVARD,QUEENS BOULEVARD,55 AVENUE,55 ROAD,,,ADDRESS,Elmhurst,,N/A,Closed,,The Department of Sanitation investigated this complaint and found no condition at the location.,09/13/2014 12:00:00 PM,04 QUEENS,4018430001,QUEENS,1018649,207281,PHONE,Unspecified,QUEENS,,,,,,,,40.73554821952223,-73.87587543052035,"(40.73554821952223, -73.87587543052035)"
28811980,09/03/2014 05:49:00 PM,09/04/2014 12:00:00 PM,DSNY,Manhattan 07,Overflowing Recycling Baskets,6R Overflowing Recycling Baskets,Sidewalk,10024,,,,,WEST 79 STREET,BROADWAY,INTERSECTION,NEW YORK,,DSNY Garage,Closed,,The Department of Sanitation cleaned the location.,09/04/2014 12:00:00 PM,07 MANHATTAN,,MANHATTAN,989792,224853,PHONE,Unspecified,MANHATTAN,,,,,,,,40.78384401265165,-73.97998787457806,"(40.78384401265165, -73.97998787457806)"
28805445,09/03/2014 08:56:00 AM,09/04/2014 12:00:00 PM,DSNY,Manhattan 07,Overflowing Recycling Baskets,6R Overflowing Recycling Baskets,Sidewalk,10024,BROADWAY,BROADWAY,WEST   91 STREET,WEST   90 STREET,,,BLOCKFACE,NEW YORK,,DSNY Garage,Closed,,The Department of Sanitation cleaned the location.,09/04/2014 12:00:00 PM,07 MANHATTAN,,MANHATTAN,991356,227516,PHONE,Unspecified,MANHATTAN,,,,,,,,40.791152115426755,-73.97433746405724,"(40.791152115426755, -73.97433746405724)"
28801443,09/02/2014 07:24:00 PM,09/03/2014 12:00:00 PM,DSNY,Manhattan 07,Overflowing Recycling Baskets,6R Overflowing Recycling Baskets,Sidewalk,10025,,,,,WEST 106 STREET,BROADWAY,INTERSECTION,NEW YORK,,DSNY Garage,Closed,,"The Department of Sanitation has investigated the complaint and addressed the issue. If the problem persists, call 311 to enter a new complaint. If you are outside of New York City, please call (212) NEW-YORK (212-639-9675).",09/03/2014 12:00:00 PM,07 MANHATTAN,,MANHATTAN,993144,231233,PHONE,Unspecified,MANHATTAN,,,,,,,,40.801352652225354,-73.96787537678244,"(40.801352652225354, -73.96787537678244)"
28721381,08/20/2014 11:15:00 AM,08/20/2014 12:00:00 PM,DSNY,Queens West 03,Overflowing Recycling Baskets,6R Overflowing Recycling Baskets,Sidewalk,11372,,,,,77 STREET,ROOSEVELT AVENUE,INTERSECTION,Jackson Heights,,N/A,Closed,,The Department of Sanitation cleaned the location.,08/20/2014 12:00:00 PM,03 QUEENS,,QUEENS,1015096,211497,PHONE,Unspecified,QUEENS,,,,,,,,40.74713318561844,-73.88867664694138,"(40.74713318561844, -73.88867664694138)"
28692671,08/15/2014 04:09:00 PM,08/16/2014 12:00:00 PM,DSNY,BCC - Queens East,Overflowing Recycling Baskets,6R Overflowing Recycling Baskets,Sidewalk,11355,,,,,BLOSSOM AVENUE,MAIN STREET,INTERSECTION,Flushing,,DSNY Garage,Closed,,The Department of Sanitation investigated this complaint and found no condition at the location.,08/16/2014 12:00:00 PM,07 QUEENS,,QUEENS,1032077,213775,PHONE,Unspecified,QUEENS,,,,,,,,40.753310171779304,-73.82737607052383,"(40.753310171779304, -73.82737607052383)"
28605467,08/02/2014 10:30:00 AM,08/04/2014 12:00:00 PM,DSNY,Queens West 04,Overflowing Recycling Baskets,6R Overflowing Recycling Baskets,Sidewalk,11372,76-02 ROOSEVELT AVENUE,ROOSEVELT AVENUE,76 STREET,77 STREET,,,ADDRESS,Jackson Heights,,N/A,Closed,,The Department of Sanitation cleaned the location.,08/04/2014 12:00:00 PM,04 QUEENS,4014870001,QUEENS,1014889,211465,PHONE,Unspecified,QUEENS,,,,,,,,40.747046073355776,-73.88942385586174,"(40.747046073355776, -73.88942385586174)"
28484469,07/16/2014 12:48:00 PM,07/19/2014 12:00:00 PM,DSNY,BCC - Brooklyn South,Overflowing Recycling Baskets,6R Overflowing Recycling Baskets,Sidewalk,11215,,,,,7 AVENUE,PRESIDENT STREET,INTERSECTION,BROOKLYN,,DSNY Garage,Closed,,The Department of Sanitation investigated this complaint and found no condition at the location.,07/19/2014 12:00:00 PM,06 BROOKLYN,,BROOKLYN,990938,184771,PHONE,Unspecified,BROOKLYN,,,,,,,,40.67382793768617,-73.9758895137952,"(40.67382793768617, -73.9758895137952)"
28441254,07/09/2014 02:56:00 PM,07/11/2014 12:00:00 PM,DSNY,BCC - Brooklyn South,Overflowing Recycling Baskets,6R Overflowing Recycling Baskets,Sidewalk,11215,263 7 AVENUE,7 AVENUE,5 STREET,6 STREET,,,ADDRESS,BROOKLYN,,DSNY Garage,Closed,,The Department of Sanitation cleaned the location.,07/11/2014 12:00:00 PM,06 BROOKLYN,3010847501,BROOKLYN,989824,182971,PHONE,Unspecified,BROOKLYN,,,,,,,,40.66888811239955,-73.97990701310695,"(40.66888811239955, -73.97990701310695)"
28330511,06/24/2014 10:04:00 AM,06/25/2014 12:00:00 PM,DSNY,Manhattan 07,Overflowing Recycling Baskets,6R Overflowing Recycling Baskets,Sidewalk,10023,104 WEST 70 STREET,WEST 70 STREET,COLUMBUS AVENUE,BROADWAY,,,ADDRESS,NEW YORK,,DSNY Garage,Closed,,The Department of Sanitation cleaned the location.,06/25/2014 12:00:00 PM,07 MANHATTAN,1011417501,MANHATTAN,989747,222093,PHONE,Unspecified,MANHATTAN,,,,,,,,40.776268571067725,-73.98015262740276,"(40.776268571067725, -73.98015262740276)"
28270397,06/16/2014 06:01:00 PM,06/17/2014 12:00:00 PM,DSNY,Manhattan 07,Overflowing Recycling Baskets,6R Overflowing Recycling Baskets,Sidewalk,10023,,,,,WEST 76 STREET,BROADWAY,INTERSECTION,NEW YORK,,DSNY Garage,Closed,,"The Department of Sanitation has investigated the complaint and addressed the issue. If the problem persists, call 311 to enter a new complaint. If you are outside of New York City, please call (212) NEW-YORK (212-639-9675).",06/17/2014 12:00:00 PM,07 MANHATTAN,,MANHATTAN,989494,224090,PHONE,Unspecified,MANHATTAN,,,,,,,,40.7817499622558,-73.9810645461519,"(40.7817499622558, -73.9810645461519)"
28256983,06/14/2014 07:29:00 PM,06/16/2014 12:00:00 PM,DSNY,Manhattan 07,Overflowing Recycling Baskets,6R Overflowing Recycling Baskets,Sidewalk,10025,2637 BROADWAY,BROADWAY,WEST 99 STREET,WEST 100 STREET,,,ADDRESS,NEW YORK,,DSNY Garage,Closed,,"The Department of Sanitation has investigated the complaint and addressed the issue. If the problem persists, call 311 to enter a new complaint. If you are outside of New York City, please call (212) NEW-YORK (212-639-9675).",06/16/2014 12:00:00 PM,07 MANHATTAN,1018710052,MANHATTAN,992548,229675,PHONE,Unspecified,MANHATTAN,,,,,,,,40.79707694718153,-73.9700300201089,"(40.79707694718153, -73.9700300201089)"
28220560,06/09/2014 12:23:00 PM,06/10/2014 12:00:00 PM,DSNY,BCC - Queens East,Overflowing Recycling Baskets,6R Overflowing Recycling Baskets,Sidewalk,11358,199-02 32 AVENUE,32 AVENUE,JORDAN STREET,200 STREET,,,ADDRESS,Flushing,,DSNY Garage,Closed,,The Department of Sanitation cleaned the location.,06/10/2014 12:00:00 PM,11 QUEENS,4060260001,QUEENS,1042408,219691,PHONE,Unspecified,QUEENS,,,,,,,,40.7694861105461,-73.79003692274152,"(40.7694861105461, -73.79003692274152)"
28191480,06/05/2014 01:20:00 PM,06/06/2014 12:00:00 PM,DSNY,BCC - Manhattan,Overflowing Recycling Baskets,6R Overflowing Recycling Baskets,Sidewalk,10037,,,,,WEST 135 STREET,LENOX AVENUE,INTERSECTION,NEW YORK,,DSNY Garage,Closed,,The Department of Sanitation cleaned the location.,06/06/2014 12:00:00 PM,10 MANHATTAN,,MANHATTAN,1000622,235883,PHONE,Unspecified,MANHATTAN,,,,,,,,40.81410492226009,-73.94085393110794,"(40.81410492226009, -73.94085393110794)"
28174731,06/02/2014 12:52:00 PM,06/03/2014 12:00:00 PM,DSNY,BCC - Queens East,Overflowing Recycling Baskets,6R Overflowing Recycling Baskets,Sidewalk,11355,43-29 MAIN STREET,MAIN STREET,DAHLIA AVENUE,ELDER AVENUE,,,ADDRESS,Flushing,,DSNY Garage,Closed,,"The Department of Sanitation has investigated the complaint and addressed the issue. If the problem persists, call 311 to enter a new complaint. If you are outside of New York City, please call (212) NEW-YORK (212-639-9675).",06/03/2014 12:00:00 PM,07 QUEENS,4051400056,QUEENS,1032395,213197,PHONE,Unspecified,QUEENS,,,,,,,,40.75172198555327,-73.82623244164623,"(40.75172198555327, -73.82623244164623)"
28154137,05/30/2014 09:38:00 AM,05/30/2014 12:00:00 PM,DSNY,BCC - Manhattan,Overflowing Recycling Baskets,6R Overflowing Recycling Baskets,Sidewalk,10027,,,,,WEST 128 STREET,LENOX AVENUE,INTERSECTION,NEW YORK,,DSNY Garage,Closed,,"The Department of Sanitation has investigated the complaint and addressed the issue. If the problem persists, call 311 to enter a new complaint. If you are outside of New York City, please call (212) NEW-YORK (212-639-9675).",05/30/2014 12:00:00 PM,10 MANHATTAN,,MANHATTAN,999729,234275,PHONE,Unspecified,MANHATTAN,,,,,,,,40.80969302047728,-73.94408372189042,"(40.80969302047728, -73.94408372189042)"
28149381,05/30/2014 10:19:00 AM,05/30/2014 12:00:00 PM,DSNY,BCC - Queens West,Overflowing Recycling Baskets,6R Overflowing Recycling Baskets,Sidewalk,11421,,,,,PARK LANE SOUTH,89 STREET,INTERSECTION,Woodhaven,,DSNY Garage,Closed,,The Department of Sanitation investigated this complaint and found no condition at the location.,05/30/2014 12:00:00 PM,09 QUEENS,,QUEENS,1024022,193268,PHONE,Unspecified,QUEENS,,,,,,,,40.6970634140314,-73.8565704443063,"(40.6970634140314, -73.8565704443063)"
28142494,05/29/2014 01:38:00 PM,05/30/2014 12:00:00 PM,DSNY,Manhattan 07,Overflowing Recycling Baskets,6R Overflowing Recycling Baskets,Sidewalk,10025,2600 BROADWAY,BROADWAY,WEST 98 STREET,WEST 99 STREET,,,ADDRESS,NEW YORK,,DSNY Garage,Closed,,"The Department of Sanitation has investigated the complaint and addressed the issue. If the problem persists, call 311 to enter a new complaint. If you are outside of New York City, please call (212) NEW-YORK (212-639-9675).",05/30/2014 12:00:00 PM,07 MANHATTAN,1018707502,MANHATTAN,992349,229300,PHONE,Unspecified,MANHATTAN,,,,,,,,40.79604785870771,-73.97074920285566,"(40.79604785870771, -73.97074920285566)"
28134505,05/28/2014 04:58:00 PM,05/29/2014 12:00:00 PM,DSNY,Manhattan 08,Overflowing Recycling Baskets,6R Overflowing Recycling Baskets,Sidewalk,10028,,,,,EAST 84 STREET,LEXINGTON AVENUE,INTERSECTION,NEW YORK,,DSNY Garage,Closed,,The Department of Sanitation investigated this complaint and found no condition at the location.,05/29/2014 12:00:00 PM,08 MANHATTAN,,MANHATTAN,996285,222792,PHONE,Unspecified,MANHATTAN,,,,,,,,40.778180657884434,-73.95654538914386,"(40.778180657884434, -73.95654538914386)"
28117966,05/25/2014 11:52:00 PM,05/27/2014 12:00:00 PM,DSNY,Manhattan 07,Overflowing Recycling Baskets,6R Overflowing Recycling Baskets,Sidewalk,10024,,,,,WEST 90 STREET,BROADWAY,INTERSECTION,NEW YORK,,DSNY Garage,Closed,,"The Department of Sanitation has investigated the complaint and addressed the issue. If the problem persists, call 311 to enter a new complaint. If you are outside of New York City, please call (212) NEW-YORK (212-639-9675).",05/27/2014 12:00:00 PM,07 MANHATTAN,,MANHATTAN,991293,227403,PHONE,Unspecified,MANHATTAN,,,,,,,,40.79084201128931,-73.97456510009495,"(40.79084201128931, -73.97456510009495)"
27964080,05/02/2014 11:18:00 AM,05/05/2014 12:00:00 PM,DSNY,BCC - Brooklyn North,Overflowing Recycling Baskets,6R Overflowing Recycling Baskets,Sidewalk,11201,,,,,CLARK STREET,CADMAN PLAZA WEST,INTERSECTION,BROOKLYN,,DSNY Garage,Closed,,The Department of Sanitation investigated this complaint and found no condition at the location.,05/05/2014 12:00:00 PM,02 BROOKLYN,,BROOKLYN,986644,193217,PHONE,Unspecified,BROOKLYN,,,,,,,,40.69701247905719,-73.99136654075404,"(40.69701247905719, -73.99136654075404)"
27959701,05/01/2014 02:15:00 PM,05/02/2014 12:00:00 PM,DSNY,BCC - Queens West,Overflowing Recycling Baskets,6R Overflowing Recycling Baskets,Sidewalk,11379,,,,,METROPOLITAN AVENUE,74 STREET,INTERSECTION,Middle Village,,DSNY Garage,Closed,,The Department of Sanitation cleaned the location.,05/02/2014 12:00:00 PM,05 QUEENS,,QUEENS,1017991,199004,PHONE,Unspecified,QUEENS,,,,,,,,40.712832417911116,-73.8782912366146,"(40.712832417911116, -73.8782912366146)"
27956181,05/01/2014 11:08:00 AM,05/02/2014 12:00:00 PM,DSNY,Queens West 04,Overflowing Recycling Baskets,6R Overflowing Recycling Baskets,Sidewalk,11373,,,,,QUEENS BOULEVARD,GRAND AVENUE,INTERSECTION,Elmhurst,,N/A,Closed,,The Department of Sanitation cleaned the location.,05/02/2014 12:00:00 PM,04 QUEENS,,QUEENS,1018151,207719,PHONE,Unspecified,QUEENS,,,,,,,,40.736752343034745,-73.8776701929152,"(40.736752343034745, -73.8776701929152)"
27915564,04/25/2014 11:41:00 AM,04/25/2014 12:00:00 PM,DSNY,Queens West 04,Overflowing Recycling Baskets,6R Overflowing Recycling Baskets,Sidewalk,11373,,,,,QUEENS BOULEVARD,GRAND AVENUE,INTERSECTION,Elmhurst,,N/A,Closed,,The Department of Sanitation cleaned the location.,04/25/2014 12:00:00 PM,04 QUEENS,,QUEENS,1018151,207719,PHONE,Unspecified,QUEENS,,,,,,,,40.736752343034745,-73.8776701929152,"(40.736752343034745, -73.8776701929152)"
27894176,04/22/2014 01:22:00 PM,04/23/2014 12:00:00 PM,DSNY,Manhattan 01,Overflowing Recycling Baskets,6R Overflowing Recycling Baskets,Sidewalk,10007,,,,,CHAMBERS STREET,BROADWAY,INTERSECTION,NEW YORK,,DSNY Garage,Closed,,"The Department of Sanitation has investigated the complaint and addressed the issue. If the problem persists, call 311 to enter a new complaint. If you are outside of New York City, please call (212) NEW-YORK (212-639-9675).",04/23/2014 12:00:00 PM,Unspecified MANHATTAN,,MANHATTAN,982501,199466,PHONE,Unspecified,MANHATTAN,,,,,,,,40.71416466233701,-74.0063090250317,"(40.71416466233701, -74.0063090250317)"
27885486,04/21/2014 08:13:00 AM,04/21/2014 12:00:00 PM,DSNY,BCC - Manhattan,Overflowing Recycling Baskets,6R Overflowing Recycling Baskets,Sidewalk,10033,,,,,WEST 185 STREET,PINEHURST AVENUE,INTERSECTION,NEW YORK,,DSNY Garage,Closed,,The Department of Sanitation cleaned the location.,04/21/2014 12:00:00 PM,12 MANHATTAN,,MANHATTAN,1001297,250250,ONLINE,Unspecified,MANHATTAN,,,,,,,,40.85353690854553,-73.9383788914449,"(40.85353690854553, -73.9383788914449)"
27875561,04/18/2014 03:54:00 PM,04/18/2014 03:54:00 PM,DSNY,Manhattan 02,Overflowing Recycling Baskets,6R Overflowing Recycling Baskets,Sidewalk,10012,,,,,PRINCE STREET,MULBERRY STREET,INTERSECTION,NEW YORK,,DSNY Garage,Closed,,The Department of Sanitation cleaned the location.,04/18/2014 03:54:00 PM,02 MANHATTAN,,MANHATTAN,985441,202818,PHONE,Unspecified,MANHATTAN,,,,,,,,40.72336518912059,-73.99570320974436,"(40.72336518912059, -73.99570320974436)"
27875552,04/18/2014 07:34:00 AM,04/18/2014 12:00:00 PM,DSNY,Manhattan 02,Overflowing Recycling Baskets,6R Overflowing Recycling Baskets,Sidewalk,10012,,,,,BLEECKER STREET,ELIZABETH STREET,INTERSECTION,NEW YORK,,DSNY Garage,Closed,,The Department of Sanitation cleaned the location.,04/18/2014 12:00:00 PM,02 MANHATTAN,,MANHATTAN,986179,203578,ONLINE,Unspecified,MANHATTAN,,,,,,,,40.72545107465789,-73.99304049719773,"(40.72545107465789, -73.99304049719773)"
27870233,04/18/2014 12:09:00 PM,04/19/2014 12:00:00 PM,DSNY,Queens West 04,Overflowing Recycling Baskets,6R Overflowing Recycling Baskets,Sidewalk,11373,,,,,QUEENS BOULEVARD,GRAND AVENUE,INTERSECTION,Elmhurst,,N/A,Closed,,The Department of Sanitation cleaned the location.,04/19/2014 12:00:00 PM,04 QUEENS,,QUEENS,1018151,207719,PHONE,Unspecified,QUEENS,,,,,,,,40.736752343034745,-73.8776701929152,"(40.736752343034745, -73.8776701929152)"
27856670,04/16/2014 08:31:00 AM,04/16/2014 12:00:00 PM,DSNY,Manhattan 02,Overflowing Recycling Baskets,6R Overflowing Recycling Baskets,Sidewalk,10012,,,,,BLEECKER STREET,ELIZABETH STREET,INTERSECTION,NEW YORK,,DSNY Garage,Closed,,The Department of Sanitation cleaned the location.,04/16/2014 12:00:00 PM,02 MANHATTAN,,MANHATTAN,986179,203578,PHONE,Unspecified,MANHATTAN,,,,,,,,40.72545107465789,-73.99304049719773,"(40.72545107465789, -73.99304049719773)"
27850255,04/15/2014 11:35:00 AM,04/16/2014 12:00:00 PM,DSNY,Queens West 04,Overflowing Recycling Baskets,6R Overflowing Recycling Baskets,Sidewalk,11373,,,,,QUEENS BOULEVARD,GRAND AVENUE,INTERSECTION,Elmhurst,,N/A,Closed,,The Department of Sanitation cleaned the location.,04/16/2014 12:00:00 PM,04 QUEENS,,QUEENS,1018151,207719,PHONE,Unspecified,QUEENS,,,,,,,,40.736752343034745,-73.8776701929152,"(40.736752343034745, -73.8776701929152)"
27840443,04/13/2014 05:52:00 PM,04/14/2014 12:00:00 PM,DSNY,BCC - Bronx,Overflowing Recycling Baskets,6R Overflowing Recycling Baskets,Sidewalk,10472,1106 BOYNTON AVENUE,BOYNTON AVENUE,WATSON AVENUE,WESTCHESTER AVENUE,,,ADDRESS,BRONX,,DSNY Garage,Closed,,"The Department of Sanitation has investigated the complaint and addressed the issue. If the problem persists, call 311 to enter a new complaint. If you are outside of New York City, please call (212) NEW-YORK (212-639-9675).",04/14/2014 12:00:00 PM,09 BRONX,2037410005,BRONX,1018104,240342,PHONE,Unspecified,BRONX,,,,,,,,40.82629391181716,-73.87767540273677,"(40.82629391181716, -73.87767540273677)"
27830556,04/11/2014 09:19:00 AM,04/11/2014 12:00:00 PM,DSNY,BCC - Manhattan,Overflowing Recycling Baskets,6R Overflowing Recycling Baskets,Sidewalk,10033,,,,,WEST 185 STREET,PINEHURST AVENUE,INTERSECTION,NEW YORK,,DSNY Garage,Closed,,The Department of Sanitation cleaned the location.,04/11/2014 12:00:00 PM,12 MANHATTAN,,MANHATTAN,1001297,250250,ONLINE,Unspecified,MANHATTAN,,,,,,,,40.85353690854553,-73.9383788914449,"(40.85353690854553, -73.9383788914449)"
27828353,04/11/2014 11:58:00 AM,04/11/2014 12:00:00 PM,DSNY,Manhattan 01,Overflowing Recycling Baskets,6R Overflowing Recycling Baskets,Sidewalk,10013,137 CENTRE STREET,CENTRE STREET,WHITE STREET,WALKER STREET,,,ADDRESS,NEW YORK,,DSNY Garage,Pending,,The Department of Sanitation investigated and found this complaint to be out of jurisdiction. The Department of Sanitation reviewed this and found it not to be meeting the criteria for a compliant or service request.,04/11/2014 12:00:00 PM,01 MANHATTAN,1001970017,MANHATTAN,984069,200556,PHONE,Unspecified,MANHATTAN,,,,,,,,40.71715662253744,-74.00065293584422,"(40.71715662253744, -74.00065293584422)"
27805974,04/08/2014 02:48:00 PM,04/08/2014 02:48:00 PM,DSNY,Manhattan 02,Overflowing Recycling Baskets,6R Overflowing Recycling Baskets,Sidewalk,10012,,,,,PRINCE STREET,MULBERRY STREET,INTERSECTION,NEW YORK,,DSNY Garage,Closed,,The Department of Sanitation cleaned the location.,04/08/2014 02:48:00 PM,02 MANHATTAN,,MANHATTAN,985441,202818,PHONE,Unspecified,MANHATTAN,,,,,,,,40.72336518912059,-73.99570320974436,"(40.72336518912059, -73.99570320974436)"
27784706,04/04/2014 08:02:00 AM,04/04/2014 12:00:00 PM,DSNY,BCC - Bronx,Overflowing Recycling Baskets,6R Overflowing Recycling Baskets,Sidewalk,10472,1106 BOYNTON AVENUE,BOYNTON AVENUE,WATSON AVENUE,WESTCHESTER AVENUE,,,ADDRESS,BRONX,,DSNY Garage,Closed,,"The Department of Sanitation has investigated the complaint and addressed the issue. If the problem persists, call 311 to enter a new complaint. If you are outside of New York City, please call (212) NEW-YORK (212-639-9675).",04/04/2014 12:00:00 PM,09 BRONX,2037410005,BRONX,1018104,240342,PHONE,Unspecified,BRONX,,,,,,,,40.82629391181716,-73.87767540273677,"(40.82629391181716, -73.87767540273677)"
27701427,03/23/2014 09:35:00 PM,03/24/2014 12:00:00 PM,DSNY,Manhattan 02,Overflowing Recycling Baskets,6R Overflowing Recycling Baskets,Sidewalk,10014,,,,,PERRY STREET,WEST 4 STREET,INTERSECTION,NEW YORK,,DSNY Garage,Closed,,The Department of Sanitation cleaned the location.,03/24/2014 12:00:00 PM,02 MANHATTAN,,MANHATTAN,983324,207253,PHONE,Unspecified,MANHATTAN,,,,,,,,40.735538211866526,-74.0033413557266,"(40.735538211866526, -74.0033413557266)"
27610076,03/10/2014 03:41:00 PM,03/12/2014 12:00:00 PM,DSNY,BCC - Queens East,Overflowing Recycling Baskets,6R Overflowing Recycling Baskets,Sidewalk,11365,68-35 FRESH MEADOW LANE,FRESH MEADOW LANE,68 AVENUE,69 AVENUE,,,ADDRESS,Fresh Meadows,,DSNY Garage,Closed,,"The Department of Sanitation has investigated the complaint and addressed the issue. If the problem persists, call 311 to enter a new complaint. If you are outside of New York City, please call (212) NEW-YORK (212-639-9675).",03/12/2014 12:00:00 PM,08 QUEENS,4069300001,QUEENS,1041194,206480,PHONE,Unspecified,QUEENS,,,,,,,,40.73323325988932,-73.79453158395755,"(40.73323325988932, -73.79453158395755)"
27586281,03/06/2014 09:51:00 AM,03/07/2014 12:00:00 PM,DSNY,BCC - Queens East,Overflowing Recycling Baskets,6R Overflowing Recycling Baskets,Sidewalk,11365,68-35 FRESH MEADOW LANE,FRESH MEADOW LANE,68 AVENUE,69 AVENUE,,,ADDRESS,Fresh Meadows,,DSNY Garage,Closed,,"The Department of Sanitation has investigated the complaint and addressed the issue. If the problem persists, call 311 to enter a new complaint. If you are outside of New York City, please call (212) NEW-YORK (212-639-9675).",03/07/2014 12:00:00 PM,08 QUEENS,4069300001,QUEENS,1041194,206480,PHONE,Unspecified,QUEENS,,,,,,,,40.73323325988932,-73.79453158395755,"(40.73323325988932, -73.79453158395755)"
27503233,02/23/2014 08:53:00 AM,05/01/2014 12:00:00 PM,DSNY,BCC - Staten Island,Overflowing Recycling Baskets,6R Overflowing Recycling Baskets,Sidewalk,10314,,,SLOSSON AVENUE,VICTORY BOULEVARD,SLOSSON AVENUE,VICTORY BOULEVARD,INTERSECTION,STATEN ISLAND,,DSNY Garage,Closed,,"The Department of Sanitation has investigated the complaint and addressed the issue. If the problem persists, call 311 to enter a new complaint. If you are outside of New York City, please call (212) NEW-YORK (212-639-9675).",05/01/2014 12:00:00 PM,01 STATEN ISLAND,,STATEN ISLAND,951810,162822,PHONE,Unspecified,STATEN ISLAND,,,,,,,,40.61352580067004,-74.11684178412183,"(40.61352580067004, -74.11684178412183)"
27469571,02/19/2014 08:21:00 AM,05/01/2014 12:00:00 PM,DSNY,BCC - Staten Island,Overflowing Recycling Baskets,6R Overflowing Recycling Baskets,Sidewalk,10314,,,SLOSSON AVENUE,VICTORY BOULEVARD,SLOSSON AVENUE,VICTORY BOULEVARD,INTERSECTION,STATEN ISLAND,,DSNY Garage,Closed,,"The Department of Sanitation has investigated the complaint and addressed the issue. If the problem persists, call 311 to enter a new complaint. If you are outside of New York City, please call (212) NEW-YORK (212-639-9675).",05/01/2014 12:00:00 PM,01 STATEN ISLAND,,STATEN ISLAND,951810,162822,PHONE,Unspecified,STATEN ISLAND,,,,,,,,40.61352580067004,-74.11684178412183,"(40.61352580067004, -74.11684178412183)"
27410289,02/12/2014 08:24:00 AM,02/12/2014 12:00:00 PM,DSNY,BCC - Staten Island,Overflowing Recycling Baskets,6R Overflowing Recycling Baskets,Sidewalk,10314,,,SLOSSON AVENUE,VICTORY BOULEVARD,SLOSSON AVENUE,VICTORY BOULEVARD,INTERSECTION,STATEN ISLAND,,DSNY Garage,Closed,,"The Department of Sanitation has investigated the complaint and addressed the issue. If the problem persists, call 311 to enter a new complaint. If you are outside of New York City, please call (212) NEW-YORK (212-639-9675).",02/12/2014 12:00:00 PM,01 STATEN ISLAND,,STATEN ISLAND,951810,162822,PHONE,Unspecified,STATEN ISLAND,,,,,,,,40.61352580067004,-74.11684178412183,"(40.61352580067004, -74.11684178412183)"
27295818,01/30/2014 11:10:00 AM,01/31/2014 12:00:00 PM,DSNY,Manhattan 02,Overflowing Recycling Baskets,6R Overflowing Recycling Baskets,Sidewalk,10014,,,PERRY STREET,WEST 4 STREET,PERRY STREET,WEST 4 STREET,INTERSECTION,NEW YORK,,DSNY Garage,Closed,,The Department of Sanitation cleaned the location.,01/31/2014 12:00:00 PM,02 MANHATTAN,,MANHATTAN,983324,207253,PHONE,Unspecified,MANHATTAN,,,,,,,,40.735538211866526,-74.0033413557266,"(40.735538211866526, -74.0033413557266)"
40089219,08/23/2018 08:22:00 AM,08/24/2018 12:00:00 PM,DSNY,BCC - Staten Island,Overflowing Recycling Baskets,6R Overflowing Recycling Baskets,Sidewalk,10314,,,,,VICTORY BOULEVARD,SLOSSON AVENUE,INTERSECTION,STATEN ISLAND,,DSNY Garage,Closed,,The Department of Sanitation investigated this complaint and found no condition at the location.,08/24/2018 12:00:00 PM,01 STATEN ISLAND,,STATEN ISLAND,951810,162822,PHONE,Unspecified,STATEN ISLAND,,,,,,,,40.61352580067004,-74.11684178412183,"(40.61352580067004, -74.11684178412183)"
40033323,08/17/2018 09:30:00 AM,08/20/2018 12:00:00 PM,DSNY,BCC - Queens East,Overflowing Recycling Baskets,6R Overflowing Recycling Baskets,Sidewalk,11363,,,,,LITTLE NECK PARKWAY,NORTHERN BOULEVARD,INTERSECTION,Little Neck,,DSNY Garage,Closed,,The Department of Sanitation cleaned the location.,08/20/2018 12:00:00 PM,11 QUEENS,,QUEENS,1057515,220165,PHONE,Unspecified,QUEENS,,,,,,,,40.770674815501955,-73.73549248463317,"(40.770674815501955, -73.73549248463317)"
37296004,09/27/2017 11:44:00 AM,09/28/2017 12:00:00 PM,DSNY,Bronx 04,Overflowing Recycling Baskets,6R Overflowing Recycling Baskets,Sidewalk,10456,1119 GRANT AVENUE,GRANT AVENUE,EAST 166 STREET,MC CLELLAN STREET,,,ADDRESS,BRONX,,N/A,Closed,,"The Department of Sanitation has investigated the complaint and addressed the issue. If the problem persists, call 311 to enter a new complaint. If you are outside of New York City, please call (212) NEW-YORK (212-639-9675).",09/28/2017 12:00:00 PM,04 BRONX,2024520027,BRONX,1007440,242235,PHONE,Unspecified,BRONX,,,,,,,,40.8315240888859,-73.91620104244413,"(40.8315240888859, -73.91620104244413)"
37205992,09/16/2017 07:44:00 AM,09/16/2017 12:00:00 PM,DSNY,BCC - Queens West,Overflowing Recycling Baskets,6R Overflowing Recycling Baskets,Sidewalk,11379,,,,,METROPOLITAN AVENUE,69 STREET,INTERSECTION,Middle Village,,DSNY Garage,Closed,,The Department of Sanitation investigated this complaint and found no condition at the location.,09/16/2017 12:00:00 PM,05 QUEENS,,QUEENS,1015750,198773,PHONE,Unspecified,QUEENS,,,,,,,,40.71220664093859,-73.88637592557048,"(40.71220664093859, -73.88637592557048)"
37201425,09/15/2017 11:18:00 PM,09/18/2017 12:00:00 PM,DSNY,BCC - Brooklyn South,Overflowing Recycling Baskets,6R Overflowing Recycling Baskets,Sidewalk,11234,2266 EAST   60 PLACE,EAST   60 PLACE,STRICKLAND AVENUE,MILL AVENUE,,,ADDRESS,BROOKLYN,,DSNY Garage,Closed,,The Department of Sanitation investigated this complaint and found no condition at the location.,09/18/2017 12:00:00 PM,18 BROOKLYN,3086510057,BROOKLYN,1008846,161979,PHONE,Unspecified,BROOKLYN,,,,,,,,40.611237186568246,-73.91141363634407,"(40.611237186568246, -73.91141363634407)"
37198897,09/15/2017 06:39:00 PM,09/19/2017 12:00:00 PM,DSNY,Brooklyn North 03,Overflowing Recycling Baskets,6R Overflowing Recycling Baskets,Sidewalk,11205,68 KOSCIUSZKO STREET,KOSCIUSZKO STREET,SPENCER COURT,NOSTRAND AVENUE,,,ADDRESS,BROOKLYN,,DSNY Garage,Closed,,The Department of Sanitation investigated this complaint and found no condition at the location.,09/19/2017 12:00:00 PM,03 BROOKLYN,3017830042,BROOKLYN,997376,190836,PHONE,Unspecified,BROOKLYN,,,,,,,,40.690467775553635,-73.95266847610404,"(40.690467775553635, -73.95266847610404)"
37185997,09/13/2017 03:57:00 PM,09/15/2017 12:00:00 PM,DSNY,Manhattan 07,Overflowing Recycling Baskets,6R Overflowing Recycling Baskets,Sidewalk,10024,,,,,WEST 90 STREET,COLUMBUS AVENUE,INTERSECTION,NEW YORK,,DSNY Garage,Closed,,The Department of Sanitation cleaned the location.,09/15/2017 12:00:00 PM,07 MANHATTAN,,MANHATTAN,992474,226751,PHONE,Unspecified,MANHATTAN,,,,,,,,40.78905142646646,-73.970300867221,"(40.78905142646646, -73.970300867221)"
37161346,09/11/2017 10:34:00 AM,09/15/2017 12:00:00 PM,DSNY,Brooklyn South 10,Overflowing Recycling Baskets,6R Overflowing Recycling Baskets,Sidewalk,11228,,,,,14 AVENUE,BAYRIDGE PARKWAY,INTERSECTION,BROOKLYN,,N/A,Closed,,The Department of Sanitation investigated this complaint and found no condition at the location.,09/15/2017 12:00:00 PM,10 BROOKLYN,,BROOKLYN,982799,164785,PHONE,Unspecified,BROOKLYN,,,,,,,,40.618973094152736,-74.00522660956284,"(40.618973094152736, -74.00522660956284)"
37009043,08/22/2017 11:06:00 AM,08/22/2017 12:00:00 PM,DSNY,Manhattan 02,Overflowing Recycling Baskets,6R Overflowing Recycling Baskets,Sidewalk,10003,WAVERLY PLACE,WAVERLY PLACE,GREENE STREET,MERCER STREET,,,BLOCKFACE,NEW YORK,,DSNY Garage,Closed,,The Department of Sanitation cleaned the location.,08/22/2017 12:00:00 PM,02 MANHATTAN,,MANHATTAN,985790,205295,PHONE,Unspecified,MANHATTAN,,,,,,,,40.73016389734226,-73.99444354987047,"(40.73016389734226, -73.99444354987047)"
36991997,08/19/2017 07:14:00 PM,08/21/2017 12:00:00 PM,DSNY,Queens East 12,Overflowing Recycling Baskets,6R Overflowing Recycling Baskets,Sidewalk,11433,,,PARSONS BOULEVARD,ARCHER AVENUE,PARSONS BOULEVARD,ARCHER AVENUE,INTERSECTION,Jamaica,,N/A,Closed,,The Department of Sanitation investigated this complaint and found no condition at the location.,08/21/2017 12:00:00 PM,12 QUEENS,,QUEENS,1039726,195270,PHONE,Unspecified,QUEENS,,,,,,,,40.702473911305376,-73.79992086969553,"(40.702473911305376, -73.79992086969553)"
36940231,08/14/2017 08:54:00 AM,08/15/2017 12:00:00 PM,DSNY,Manhattan 07,Overflowing Recycling Baskets,6R Overflowing Recycling Baskets,Sidewalk,10024,,,WEST 87 STREET,COLUMBUS AVENUE,WEST 87 STREET,COLUMBUS AVENUE,INTERSECTION,NEW YORK,,DSNY Garage,Closed,,The Department of Sanitation cleaned the location.,08/15/2017 12:00:00 PM,07 MANHATTAN,,MANHATTAN,992092,226063,PHONE,Unspecified,MANHATTAN,,,,,,,,40.787163398128754,-73.97168117772486,"(40.787163398128754, -73.97168117772486)"
36893119,08/07/2017 10:53:00 AM,08/07/2017 12:00:00 PM,DSNY,Manhattan 08,Overflowing Recycling Baskets,6R Overflowing Recycling Baskets,Sidewalk,10028,,,LEXINGTON AVENUE,EAST 82 STREET,LEXINGTON AVENUE,EAST 82 STREET,INTERSECTION,NEW YORK,,DSNY Garage,Closed,,The Department of Sanitation cleaned the location.,08/07/2017 12:00:00 PM,08 MANHATTAN,,MANHATTAN,996029,222329,PHONE,Unspecified,MANHATTAN,,,,,,,,40.77691018988725,-73.95747053636883,"(40.77691018988725, -73.95747053636883)"
36726759,07/18/2017 08:04:00 AM,07/20/2017 12:00:00 PM,DSNY,BCC - Staten Island,Overflowing Recycling Baskets,6R Overflowing Recycling Baskets,Sidewalk,10312,4300 HYLAN BOULEVARD,HYLAN BOULEVARD,,,,,ADDRESS,STATEN ISLAND,,DSNY Garage,Closed,,The Department of Sanitation cleaned the location.,07/20/2017 12:00:00 PM,03 STATEN ISLAND,5053190001,STATEN ISLAND,941861,134430,PHONE,Unspecified,STATEN ISLAND,,,,,,,,40.535553440657885,-74.15249781480766,"(40.535553440657885, -74.15249781480766)"
36674398,07/10/2017 10:42:00 PM,07/11/2017 12:00:00 PM,DSNY,Manhattan 02,Overflowing Recycling Baskets,6R Overflowing Recycling Baskets,Sidewalk,10003,WAVERLY PLACE,WAVERLY PLACE,MERCER STREET,GREENE STREET,,,BLOCKFACE,NEW YORK,,DSNY Garage,Closed,,The Department of Sanitation cleaned the location.,07/11/2017 12:00:00 PM,02 MANHATTAN,,MANHATTAN,985790,205295,PHONE,Unspecified,MANHATTAN,,,,,,,,40.73016389734226,-73.99444354987047,"(40.73016389734226, -73.99444354987047)"
36198935,05/16/2017 10:24:00 AM,05/16/2017 12:00:00 PM,DSNY,Queens West 06,Overflowing Recycling Baskets,6R Overflowing Recycling Baskets,Sidewalk,11374,96-41 QUEENS BOULEVARD,QUEENS BOULEVARD,,,,,ADDRESS,Rego Park,,N/A,Closed,,The Department of Sanitation cleaned the location.,05/16/2017 12:00:00 PM,06 QUEENS,4020880018,QUEENS,1022583,205229,PHONE,Unspecified,QUEENS,,,,,,,,40.72989981521173,-73.86169178761199,"(40.72989981521173, -73.86169178761199)"
36145739,05/08/2017 04:52:00 PM,05/10/2017 12:00:00 PM,DSNY,BCC - Queens East,Overflowing Recycling Baskets,6R Overflowing Recycling Baskets,Sidewalk,11365,158-27 HORACE HARDING EXPRESSWAY,HORACE HARDING EXPRESSWAY,,,,,ADDRESS,Fresh Meadows,,DSNY Garage,Closed,,The Department of Sanitation cleaned the location.,05/10/2017 12:00:00 PM,07 QUEENS,4067360001,QUEENS,1036895,208516,PHONE,Unspecified,QUEENS,,,,,,,,40.73884819668353,-73.81002748514669,"(40.73884819668353, -73.81002748514669)"
36142257,05/09/2017 08:02:00 AM,05/10/2017 12:00:00 PM,DSNY,Manhattan 07,Overflowing Recycling Baskets,6R Overflowing Recycling Baskets,Sidewalk,10025,,,BROADWAY,WEST 98 STREET,BROADWAY,WEST 98 STREET,INTERSECTION,NEW YORK,,DSNY Garage,Closed,,The Department of Sanitation investigated this complaint and found no condition at the location.,05/10/2017 12:00:00 PM,07 MANHATTAN,,MANHATTAN,992327,229267,PHONE,Unspecified,MANHATTAN,,,,,,,,40.79595730280253,-73.97082869895915,"(40.79595730280253, -73.97082869895915)"
35941660,04/13/2017 11:29:00 AM,04/15/2017 12:00:00 PM,DSNY,Bronx 08,Overflowing Recycling Baskets,6R Overflowing Recycling Baskets,Sidewalk,10463,,,,,WEST 231 STREET,BROADWAY,INTERSECTION,BRONX,,N/A,Closed,,The Department of Sanitation investigated this complaint and found no condition at the location.,04/15/2017 12:00:00 PM,Unspecified BRONX,,BRONX,1010580,259508,PHONE,Unspecified,BRONX,,,,,,,,40.87892448779634,-73.90478656028658,"(40.87892448779634, -73.90478656028658)"
35940599,04/13/2017 11:00:00 AM,04/15/2017 12:00:00 PM,DSNY,Bronx 08,Overflowing Recycling Baskets,6R Overflowing Recycling Baskets,Sidewalk,10471,,,,,WEST 258 STREET,RIVERDALE AVENUE,INTERSECTION,BRONX,,N/A,Closed,,The Department of Sanitation removed the items.,04/22/2017 12:00:00 PM,08 BRONX,,BRONX,1010693,269361,PHONE,Unspecified,BRONX,,,,,,,,40.90596749630534,-73.90433902485658,"(40.90596749630534, -73.90433902485658)"
35556452,02/22/2017 10:04:00 PM,02/23/2017 12:00:00 PM,DSNY,BCC - Bronx,Overflowing Recycling Baskets,6R Overflowing Recycling Baskets,Sidewalk,10469,3366 BOSTON ROAD,BOSTON ROAD,,,,,ADDRESS,BRONX,,DSNY Garage,Closed,,The Department of Sanitation cleaned the location.,02/23/2017 12:00:00 PM,12 BRONX,2047330008,BRONX,1025299,258052,PHONE,Unspecified,BRONX,,,,,,,,40.874872038112315,-73.85156933612139,"(40.874872038112315, -73.85156933612139)"
35168675,01/04/2017 01:25:00 PM,01/05/2017 12:00:00 PM,DSNY,BCC - Staten Island,Overflowing Recycling Baskets,6R Overflowing Recycling Baskets,Sidewalk,10314,32 SIMMONS LANE,SIMMONS LANE,VICTORY BOULEVARD,SIMMONS LOOP,,,ADDRESS,STATEN ISLAND,,DSNY Garage,Closed,,The Department of Sanitation investigated this complaint and found no condition at the location.,01/05/2017 12:00:00 PM,02 STATEN ISLAND,5026200348,STATEN ISLAND,932879,155910,PHONE,Unspecified,STATEN ISLAND,,,,,,,,40.594464278465935,-74.18497436935063,"(40.594464278465935, -74.18497436935063)"
35086585,12/21/2016 03:17:00 PM,12/21/2016 03:17:00 PM,DSNY,BCC - Queens East,Overflowing Recycling Baskets,6R Overflowing Recycling Baskets,Sidewalk,11361,,,,,40 AVENUE,BELL BOULEVARD,INTERSECTION,Bayside,,DSNY Garage,Closed,,The Department of Sanitation cleaned the location.,12/21/2016 03:17:00 PM,11 QUEENS,,QUEENS,1047595,217802,PHONE,Unspecified,QUEENS,,,,,,,,40.76426566610473,-73.77132860459679,"(40.76426566610473, -73.77132860459679)"
34905751,12/01/2016 09:13:00 AM,12/03/2016 12:00:00 PM,DSNY,Manhattan 06,Overflowing Recycling Baskets,6R Overflowing Recycling Baskets,Sidewalk,10003,,,,,EAST 15 STREET,3 AVENUE,INTERSECTION,NEW YORK,,DSNY Garage,Closed,,The Department of Sanitation investigated this complaint and found no condition at the location.,12/03/2016 12:00:00 PM,06 MANHATTAN,,MANHATTAN,987942,206685,PHONE,Unspecified,MANHATTAN,,,,,,,,40.73397846974231,-73.98667818939326,"(40.73397846974231, -73.98667818939326)"
34864368,11/25/2016 01:54:00 AM,11/25/2016 12:00:00 PM,DSNY,BCC - Staten Island,Overflowing Recycling Baskets,6R Overflowing Recycling Baskets,Sidewalk,10314,,,,,MARSH AVENUE,RICHMOND HILL ROAD,INTERSECTION,STATEN ISLAND,,DSNY Garage,Closed,,The Department of Sanitation cleaned the location.,11/25/2016 12:00:00 PM,02 STATEN ISLAND,,STATEN ISLAND,939716,152374,PHONE,Unspecified,STATEN ISLAND,,,,,,,,40.584795672043185,-74.1603327643632,"(40.584795672043185, -74.1603327643632)"
34753918,11/11/2016 10:01:00 AM,11/12/2016 12:00:00 PM,DSNY,Manhattan 07,Overflowing Recycling Baskets,6R Overflowing Recycling Baskets,Sidewalk,10024,,,,,WEST 84 STREET,COLUMBUS AVENUE,INTERSECTION,NEW YORK,,DSNY Garage,Closed,,The Department of Sanitation cleaned the location.,11/12/2016 12:00:00 PM,07 MANHATTAN,,MANHATTAN,991690,225337,PHONE,Unspecified,MANHATTAN,,,,,,,,40.78517106970749,-73.97313367344907,"(40.78517106970749, -73.97313367344907)"
34686592,11/01/2016 09:02:00 AM,11/02/2016 12:00:00 PM,DSNY,Manhattan 07,Overflowing Recycling Baskets,6R Overflowing Recycling Baskets,Sidewalk,10025,2600 BROADWAY,BROADWAY,,,,,ADDRESS,NEW YORK,,DSNY Garage,Closed,,The Department of Sanitation cleaned the location.,11/02/2016 12:00:00 PM,07 MANHATTAN,1018707502,MANHATTAN,992349,229300,PHONE,Unspecified,MANHATTAN,,,,,,,,40.79604785870771,-73.97074920285566,"(40.79604785870771, -73.97074920285566)"
34616636,10/23/2016 02:36:00 PM,10/24/2016 12:00:00 PM,DSNY,Manhattan 06,Overflowing Recycling Baskets,6R Overflowing Recycling Baskets,Sidewalk,10022,398 EAST   52 STREET,EAST   52 STREET,1 AVENUE,,,,ADDRESS,NEW YORK,,DSNY Garage,Closed,,The Department of Sanitation investigated this complaint and found no violation at the location.,10/24/2016 12:00:00 PM,06 MANHATTAN,1013630047,MANHATTAN,993967,214341,PHONE,Unspecified,MANHATTAN,,,,,,,,40.75498770564744,-73.96492717660713,"(40.75498770564744, -73.96492717660713)"
34565186,10/18/2016 08:50:00 AM,10/19/2016 12:00:00 PM,DSNY,BCC - Manhattan,Overflowing Recycling Baskets,6R Overflowing Recycling Baskets,Sidewalk,10026,45 WEST  110 STREET,WEST  110 STREET,,,,,ADDRESS,NEW YORK,,DSNY Garage,Closed,,"The Department of Sanitation has investigated the complaint and addressed the issue. If the problem persists, call 311 to enter a new complaint. If you are outside of New York City, please call (212) NEW-YORK (212-639-9675).",10/19/2016 12:00:00 PM,10 MANHATTAN,1015940007,MANHATTAN,997827,229876,PHONE,Unspecified,MANHATTAN,,,,,,,,40.79762210325392,-73.95096339328168,"(40.79762210325392, -73.95096339328168)"
34267256,09/07/2016 08:01:00 AM,09/08/2016 12:00:00 PM,DSNY,BCC - Brooklyn South,Overflowing Recycling Baskets,6R Overflowing Recycling Baskets,Sidewalk,11220,471 53 STREET,53 STREET,4 AVENUE,5 AVENUE,,,ADDRESS,BROOKLYN,,DSNY Garage,Closed,,The Department of Sanitation investigated this complaint and found no condition at the location.,09/08/2016 12:00:00 PM,07 BROOKLYN,3008070052,BROOKLYN,980690,173866,MOBILE,Unspecified,BROOKLYN,,,,,,,,40.64389792177536,-74.01282817410572,"(40.64389792177536, -74.01282817410572)"
34174653,08/25/2016 12:15:00 PM,08/26/2016 12:00:00 PM,DSNY,Manhattan 02,Overflowing Recycling Baskets,6R Overflowing Recycling Baskets,Sidewalk,10012,,,,,MERCER STREET,WEST HOUSTON STREET,INTERSECTION,NEW YORK,,DSNY Garage,Closed,,The Department of Sanitation cleaned the location.,08/26/2016 12:00:00 PM,02 MANHATTAN,,MANHATTAN,984912,203704,PHONE,Unspecified,MANHATTAN,,,,,,,,40.72579709959914,-73.99761160457604,"(40.72579709959914, -73.99761160457604)"
34124633,08/19/2016 02:47:00 PM,08/20/2016 12:00:00 PM,DSNY,Manhattan 07,Overflowing Recycling Baskets,6R Overflowing Recycling Baskets,Sidewalk,10024,518 COLUMBUS AVENUE,COLUMBUS AVENUE,WEST 84 STREET,WEST 85 STREET,,,ADDRESS,NEW YORK,,DSNY Garage,Closed,,The Department of Sanitation cleaned the location.,08/20/2016 12:00:00 PM,07 MANHATTAN,1012150033,MANHATTAN,991796,225535,PHONE,Unspecified,MANHATTAN,,,,,,,,40.78571443698599,-73.97275067812564,"(40.78571443698599, -73.97275067812564)"
34014752,08/05/2016 01:33:00 PM,08/06/2016 12:00:00 PM,DSNY,Bronx 08,Overflowing Recycling Baskets,6R Overflowing Recycling Baskets,Sidewalk,10471,,,,,WEST 259 STREET,RIVERDALE AVENUE,INTERSECTION,BRONX,,N/A,Closed,,The Department of Sanitation cleaned the location.,08/06/2016 12:00:00 PM,08 BRONX,,BRONX,1010759,269687,PHONE,Unspecified,BRONX,,,,,,,,40.90686206203151,-73.90409897036128,"(40.90686206203151, -73.90409897036128)"
33992763,08/02/2016 12:05:00 PM,08/04/2016 12:00:00 PM,DSNY,BCC - Brooklyn South,Overflowing Recycling Baskets,6R Overflowing Recycling Baskets,Sidewalk,11231,,,,,COURT STREET,DEGRAW STREET,INTERSECTION,BROOKLYN,,DSNY Garage,Closed,,The Department of Sanitation cleaned the location.,08/04/2016 12:00:00 PM,06 BROOKLYN,,BROOKLYN,985572,188382,PHONE,Unspecified,BROOKLYN,,,,,,,,40.683741742780825,-73.9952334328601,"(40.683741742780825, -73.9952334328601)"
33975025,07/31/2016 01:48:00 PM,07/31/2016 01:48:00 PM,DSNY,Manhattan 03,Overflowing Recycling Baskets,6R Overflowing Recycling Baskets,Sidewalk,10009,104 EAST    7 STREET,EAST    7 STREET,,,,,ADDRESS,NEW YORK,,DSNY Garage,Closed,,The Department of Sanitation investigated this complaint and found no condition at the location.,07/31/2016 01:48:00 PM,03 MANHATTAN,1004340016,MANHATTAN,988443,203998,PHONE,Unspecified,MANHATTAN,,,,,,,,40.726603089102504,-73.98487210999649,"(40.726603089102504, -73.98487210999649)"
33954315,07/27/2016 03:21:00 PM,07/28/2016 12:00:00 PM,DSNY,BCC - Bronx,Overflowing Recycling Baskets,6R Overflowing Recycling Baskets,Sidewalk,10468,1 WEST FORDHAM ROAD,WEST FORDHAM ROAD,EAST FORDHAM ROAD,DAVIDSON AVENUE,,,ADDRESS,BRONX,,DSNY Garage,Closed,,"The Department of Sanitation has investigated the complaint and addressed the issue. If the problem persists, call 311 to enter a new complaint. If you are outside of New York City, please call (212) NEW-YORK (212-639-9675).",07/28/2016 12:00:00 PM,07 BRONX,2032000020,BRONX,1011562,253628,PHONE,Unspecified,BRONX,,,,,,,,40.86278271317745,-73.90125946398237,"(40.86278271317745, -73.90125946398237)"
33950790,07/28/2016 01:53:00 PM,07/28/2016 01:53:00 PM,DSNY,BCC - Manhattan,Overflowing Recycling Baskets,6R Overflowing Recycling Baskets,Sidewalk,10025,,,WEST 114 STREET,BROADWAY,WEST 114 STREET,BROADWAY,INTERSECTION,NEW YORK,,DSNY Garage,Closed,,The Department of Sanitation cleaned the location.,07/28/2016 01:53:00 PM,09 MANHATTAN,,MANHATTAN,993981,233184,PHONE,Unspecified,MANHATTAN,,,,,,,,40.80670672847891,-73.9648493528466,"(40.80670672847891, -73.9648493528466)"
33896339,07/21/2016 12:34:00 PM,07/21/2016 12:34:00 PM,DSNY,Manhattan 02,Overflowing Recycling Baskets,6R Overflowing Recycling Baskets,Sidewalk,10012,,,MERCER STREET,WEST HOUSTON STREET,MERCER STREET,WEST HOUSTON STREET,INTERSECTION,NEW YORK,,DSNY Garage,Closed,,The Department of Sanitation cleaned the location.,07/21/2016 12:34:00 PM,02 MANHATTAN,,MANHATTAN,984912,203704,PHONE,Unspecified,MANHATTAN,,,,,,,,40.72579709959914,-73.99761160457604,"(40.72579709959914, -73.99761160457604)"
33811895,07/11/2016 10:56:00 AM,07/13/2016 12:00:00 PM,DSNY,Bronx 08,Overflowing Recycling Baskets,6R Overflowing Recycling Baskets,Sidewalk,10471,,,WEST 251 STREET,BROADWAY,WEST 251 STREET,BROADWAY,INTERSECTION,BRONX,,N/A,Closed,,The Department of Sanitation cleaned the location.,07/13/2016 12:00:00 PM,08 BRONX,,BRONX,1012807,265661,PHONE,Unspecified,BRONX,,,,,,,,40.895805602326625,-73.89670714663886,"(40.895805602326625, -73.89670714663886)"
